-- --------------------------------------------------------
-- Host:                         127.0.0.1
-- Server version:               10.6.2-MariaDB - mariadb.org binary distribution
-- Server OS:                    Win64
-- HeidiSQL Version:             11.3.0.6295
-- --------------------------------------------------------

/*!40101 SET @OLD_CHARACTER_SET_CLIENT=@@CHARACTER_SET_CLIENT */;
/*!40101 SET NAMES utf8 */;
/*!50503 SET NAMES utf8mb4 */;
/*!40014 SET @OLD_FOREIGN_KEY_CHECKS=@@FOREIGN_KEY_CHECKS, FOREIGN_KEY_CHECKS=0 */;
/*!40101 SET @OLD_SQL_MODE=@@SQL_MODE, SQL_MODE='NO_AUTO_VALUE_ON_ZERO' */;
/*!40111 SET @OLD_SQL_NOTES=@@SQL_NOTES, SQL_NOTES=0 */;


-- Dumping database structure for los
CREATE DATABASE IF NOT EXISTS `los` /*!40100 DEFAULT CHARACTER SET utf8mb3 */;
USE `los`;

-- Dumping structure for table los.alert
CREATE TABLE IF NOT EXISTS `alert` (
  `id` bigint(20) NOT NULL AUTO_INCREMENT,
  `alert_type` varchar(255) NOT NULL,
  `content` longtext NOT NULL,
  `end_time` datetime(6) DEFAULT NULL,
  `start_time` datetime(6) NOT NULL,
  `title` varchar(255) NOT NULL,
  PRIMARY KEY (`id`)
) ENGINE=InnoDB DEFAULT CHARSET=utf8mb3;

-- Dumping data for table los.alert: ~0 rows (approximately)
/*!40000 ALTER TABLE `alert` DISABLE KEYS */;
/*!40000 ALTER TABLE `alert` ENABLE KEYS */;

-- Dumping structure for table los.bug_report
CREATE TABLE IF NOT EXISTS `bug_report` (
  `id` bigint(20) NOT NULL AUTO_INCREMENT,
  `description` varchar(255) NOT NULL,
  `text` text NOT NULL,
  `timestamp` datetime(6) NOT NULL,
  `user_name` varchar(255) NOT NULL,
  PRIMARY KEY (`id`)
) ENGINE=InnoDB DEFAULT CHARSET=utf8mb3;

-- Dumping data for table los.bug_report: ~0 rows (approximately)
/*!40000 ALTER TABLE `bug_report` DISABLE KEYS */;
/*!40000 ALTER TABLE `bug_report` ENABLE KEYS */;

-- Dumping structure for table los.champion
CREATE TABLE IF NOT EXISTS `champion` (
  `id` text DEFAULT NULL,
  `display_name` text DEFAULT NULL,
  `price` bigint(20) DEFAULT NULL,
  `title` text DEFAULT NULL,
  `availability` text DEFAULT NULL
) ENGINE=InnoDB DEFAULT CHARSET=utf8mb3;

-- Dumping data for table los.champion: ~122 rows (approximately)
/*!40000 ALTER TABLE `champion` DISABLE KEYS */;
INSERT INTO `champion` (`id`, `display_name`, `price`, `title`, `availability`) VALUES
	('Aatrox', 'Aatrox', NULL, 'the Darkin Blade', 'PUBLIC'),
	('Ahri', 'Ahri', NULL, 'the Nine-Tailed Fox', 'PUBLIC'),
	('Akali', 'Akali', NULL, 'the Fist of Shadow', 'PUBLIC'),
	('Alistar', 'Alistar', NULL, 'the Minotaur', 'PUBLIC'),
	('Amumu', 'Amumu', NULL, 'the Sad Mummy', 'PUBLIC'),
	('Anivia', 'Anivia', NULL, 'the Cryophoenix', 'PUBLIC'),
	('Annie', 'Annie', NULL, 'the Dark Child', 'PUBLIC'),
	('Ashe', 'Ashe', NULL, 'the Frost Archer', 'PUBLIC'),
	('Azir', 'Azir', NULL, 'the Emperor of the Sands', 'PUBLIC'),
	('Blitzcrank', 'Blitzcrank', NULL, 'the Great Steam Golem', 'PUBLIC'),
	('Brand', 'Brand', NULL, 'the Burning Vengeance', 'PUBLIC'),
	('Braum', 'Braum', NULL, 'the Heart of the Freljord', 'PUBLIC'),
	('Caitlyn', 'Caitlyn', NULL, 'the Sheriff of Piltover', 'PUBLIC'),
	('Cassiopeia', 'Cassiopeia', NULL, 'the Serpent\'s Embrace', 'PUBLIC'),
	('Chogath', 'Chogath', NULL, 'the Terror of the Void', 'PUBLIC'),
	('Corki', 'Corki', NULL, 'the Daring Bombardier', 'PUBLIC'),
	('Darius', 'Darius', NULL, 'the Hand of Noxus', 'PUBLIC'),
	('Diana', 'Diana', NULL, 'the Scorn of the Moon', 'PUBLIC'),
	('Draven', 'Draven', NULL, 'the Glorious Executioner', 'PUBLIC'),
	('DrMundo', 'Dr. Mundo', NULL, 'the Madman of Zaun', 'PUBLIC'),
	('Elise', 'Elise', NULL, 'The Spider Queen', 'PUBLIC'),
	('Evelynn', 'Evelynn', NULL, 'the Widowmaker', 'PUBLIC'),
	('Ezreal', 'Ezreal', NULL, 'the Prodigal Explorer', 'PUBLIC'),
	('FiddleSticks', 'FiddleSticks', NULL, 'the Harbinger of Doom', 'PUBLIC'),
	('Fiora', 'Fiora', NULL, 'the Grand Duelist', 'PUBLIC'),
	('Fizz', 'Fizz', NULL, 'the Tidal Trickster', 'PUBLIC'),
	('Galio', 'Galio', NULL, 'the Sentinel\'s Sorrow', 'PUBLIC'),
	('Gangplank', 'Gangplank', NULL, 'the Saltwater Scourge', 'PUBLIC'),
	('Garen', 'Garen', NULL, 'The Might of Demacia', 'PUBLIC'),
	('Gnar', 'Gnar', NULL, 'the Missing Link', 'PUBLIC'),
	('Gragas', 'Gragas', NULL, 'the Rabble Rouser', 'PUBLIC'),
	('Graves', 'Graves', NULL, 'the Outlaw', 'PUBLIC'),
	('Hecarim', 'Hecarim', NULL, 'the Shadow of War', 'PUBLIC'),
	('Heimerdinger', 'Heimerdinger', NULL, 'the Revered Inventor', 'PUBLIC'),
	('Irelia', 'Irelia', NULL, 'the Will of the Blades', 'PUBLIC'),
	('Janna', 'Janna', NULL, 'the Storm\'s Fury', 'PUBLIC'),
	('JarvanIV', 'Jarvan IV', NULL, 'the Exemplar of Demacia', 'PUBLIC'),
	('Jax', 'Jax', NULL, 'the Grandmaster at Arms', 'PUBLIC'),
	('Jayce', 'Jayce', NULL, 'the Defender of Tomorrow', 'PUBLIC'),
	('Jinx', 'Jinx', NULL, 'the Loose Cannon', 'PUBLIC'),
	('Kalista', 'Kalista', NULL, 'the Spear of Vengeance', 'PUBLIC'),
	('Karma', 'Karma', NULL, 'the Enlightened One', 'PUBLIC'),
	('Karthus', 'Karthus', NULL, 'the Deathsinger', 'PUBLIC'),
	('Kassadin', 'Kassadin', NULL, 'the Void Walker', 'PUBLIC'),
	('Katarina', 'Katarina', NULL, 'the Sinister Blade', 'PUBLIC'),
	('Kayle', 'Kayle', NULL, 'The Judicator', 'PUBLIC'),
	('Kennen', 'Kennen', NULL, 'the Heart of the Tempest', 'PUBLIC'),
	('Khazix', 'Khazix', NULL, 'the Voidreaver', 'PUBLIC'),
	('KogMaw', 'KogMaw', NULL, 'the Mouth of the Abyss', 'PUBLIC'),
	('Leblanc', 'LeBlanc', NULL, 'the Deceiver', 'PUBLIC'),
	('LeeSin', 'Lee Sin', NULL, 'the Blind Monk', 'PUBLIC'),
	('Leona', 'Leona', NULL, 'the Radiant Dawn', 'PUBLIC'),
	('Lissandra', 'Lissandra', NULL, 'the Ice Witch', 'PUBLIC'),
	('Lucian', 'Lucian', NULL, 'the Purifier', 'PUBLIC'),
	('Lulu', 'Lulu', NULL, 'the Fae Sorceress', 'PUBLIC'),
	('Lux', 'Lux', NULL, 'the Lady of Luminosity', 'PUBLIC'),
	('Malphite', 'Malphite', NULL, 'the Shard of the Monolith', 'PUBLIC'),
	('Malzahar', 'Malzahar', NULL, 'the Prophet of the Void', 'PUBLIC'),
	('Maokai', 'Maokai', NULL, 'the Twisted Treant', 'PUBLIC'),
	('MasterYi', 'Master Yi', NULL, 'the Wuju Bladesman', 'PUBLIC'),
	('MissFortune', 'Miss Fortune', NULL, 'the Bounty Hunter', 'PUBLIC'),
	('MonkeyKing', 'Wukong', NULL, 'the Monkey King', 'PUBLIC'),
	('Mordekaiser', 'Mordekaiser', NULL, 'the Master of Metal', 'PUBLIC'),
	('Morgana', 'Morgana', NULL, 'the Fallen Angel', 'PUBLIC'),
	('Nami', 'Nami', NULL, 'the Tidecaller', 'PUBLIC'),
	('Nasus', 'Nasus', NULL, 'the Curator of the Sands', 'PUBLIC'),
	('Nautilus', 'Nautilus', NULL, 'the Titan of the Depths', 'PUBLIC'),
	('Nidalee', 'Nidalee', NULL, 'the bestial huntress', 'PUBLIC'),
	('Nocturne', 'Nocturne', NULL, 'the Eternal Nightmare', 'PUBLIC'),
	('Nunu', 'Nunu', NULL, 'the Yeti Rider', 'PUBLIC'),
	('Olaf', 'Olaf', NULL, 'the Berserker', 'PUBLIC'),
	('Orianna', 'Orianna', NULL, 'the Lady of Clockwork', 'PUBLIC'),
	('Pantheon', 'Pantheon', NULL, 'the Artisan of War', 'PUBLIC'),
	('Poppy', 'Poppy', NULL, 'the Iron Ambassador', 'PUBLIC'),
	('Quinn', 'Quinn', NULL, 'the Demacia\'s Wings', 'PUBLIC'),
	('Rammus', 'Rammus', NULL, 'the Armordillo', 'PUBLIC'),
	('Renekton', 'Renekton', NULL, 'the Butcher of the Sands', 'PUBLIC'),
	('Rengar', 'Rengar', NULL, 'the Pridestalker', 'PUBLIC'),
	('Riven', 'Riven', NULL, 'the Exile', 'PUBLIC'),
	('Rumble', 'Rumble', NULL, 'the Mechanized Menace', 'PUBLIC'),
	('Ryze', 'Ryze', NULL, 'the Rogue Mage', 'PUBLIC'),
	('Sejuani', 'Sejuani', NULL, 'the Winter\'s Wrath', 'PUBLIC'),
	('Shaco', 'Shaco', NULL, 'the Demon Jester', 'PUBLIC'),
	('Shen', 'Shen', NULL, 'the Eye of Twilight', 'PUBLIC'),
	('Shyvana', 'Shyvana', NULL, 'the Half-Dragon', 'PUBLIC'),
	('Singed', 'Singed', NULL, 'the Mad Chemist', 'PUBLIC'),
	('Sion', 'Sion', NULL, 'the Undead Champion', 'PUBLIC'),
	('Sivir', 'Sivir', NULL, 'the Battle Mistress', 'PUBLIC'),
	('Skarner', 'Skarner', NULL, 'the Crystal Vanguard', 'PUBLIC'),
	('Sona', 'Sona', NULL, 'the Maven of the Strings', 'PUBLIC'),
	('Soraka', 'Soraka', NULL, 'the Starchild', 'PUBLIC'),
	('Swain', 'Swain', NULL, 'the Master Tactician', 'PUBLIC'),
	('Syndra', 'Syndra', NULL, 'the Dark Sovereign', 'PUBLIC'),
	('Talon', 'Talon', NULL, 'the Blade\'s Shadow', 'PUBLIC'),
	('Taric', 'Taric', NULL, 'the Gem Knight', 'PUBLIC'),
	('Teemo', 'Teemo', NULL, 'the Swift Scout', 'PUBLIC'),
	('Thresh', 'Thresh', NULL, 'the Chain Warden', 'PUBLIC'),
	('Tristana', 'Tristana', NULL, 'the Megling Gunner', 'PUBLIC'),
	('Trundle', 'Trundle', NULL, 'the Troll King', 'PUBLIC'),
	('Tryndamere', 'Tryndamere', NULL, 'the Barbarian King', 'PUBLIC'),
	('TwistedFate', 'Twisted Fate', NULL, 'the Card Master', 'PUBLIC'),
	('Twitch', 'Twitch', NULL, 'the Plague Rat', 'PUBLIC'),
	('Udyr', 'Udyr', NULL, 'the Spirit Walker', 'PUBLIC'),
	('Urgot', 'Urgot', NULL, 'the Headsman\'s Pride', 'PUBLIC'),
	('Varus', 'Varus', NULL, 'the Arrow of Retribution', 'PUBLIC'),
	('Vayne', 'Vayne', NULL, 'the Night Hunter', 'PUBLIC'),
	('Veigar', 'Veigar', NULL, 'the Tiny Master of Evil', 'PUBLIC'),
	('Velkoz', 'Vel\'Koz', NULL, 'the Eye of the Void', 'PUBLIC'),
	('Vi', 'Vi', NULL, 'the Piltover Enforcer', 'PUBLIC'),
	('Viktor', 'Viktor', NULL, 'the Machine Herald', 'PUBLIC'),
	('Vladimir', 'Vladimir', NULL, 'the Crimson Reaper', 'PUBLIC'),
	('Volibear', 'Volibear', NULL, 'the Thunder\'s Roar', 'PUBLIC'),
	('Warwick', 'Warwick', NULL, 'the Blood Hunter', 'PUBLIC'),
	('Xerath', 'Xerath', NULL, 'the Magus Ascendant', 'PUBLIC'),
	('XinZhao', 'XinZhao', NULL, 'the Seneschal of Demacia', 'PUBLIC'),
	('Yasuo', 'Yasuo', NULL, 'the Unforgiven', 'PUBLIC'),
	('Yorick', 'Yorick', NULL, 'the Gravedigger', 'PUBLIC'),
	('Zac', 'Zac', NULL, 'the Secret Weapon', 'PUBLIC'),
	('Zed', 'Zed', NULL, 'the Master of Shadows', 'PUBLIC'),
	('Ziggs', 'Ziggs', NULL, 'the Hexplosives Expert', 'PUBLIC'),
	('Zilean', 'Zilean', NULL, 'the Chronokeeper', 'PUBLIC'),
	('Zyra', 'Zyra', NULL, 'the Rise of the Thorns', 'PUBLIC');
/*!40000 ALTER TABLE `champion` ENABLE KEYS */;

-- Dumping structure for table los.chat_message
CREATE TABLE IF NOT EXISTS `chat_message` (
  `id` bigint(20) NOT NULL AUTO_INCREMENT,
  `data` varchar(255) NOT NULL,
  `message_timestamp` datetime(6) NOT NULL,
  `from_uuid` varchar(255) NOT NULL,
  `to_uuid` varchar(255) NOT NULL,
  PRIMARY KEY (`id`),
  KEY `FK31p20hslosnjq79vakxcqyay` (`from_uuid`),
  KEY `FK2ecmoi38g15c29whm39fawfb3` (`to_uuid`),
  CONSTRAINT `FK2ecmoi38g15c29whm39fawfb3` FOREIGN KEY (`to_uuid`) REFERENCES `user` (`uuid`),
  CONSTRAINT `FK31p20hslosnjq79vakxcqyay` FOREIGN KEY (`from_uuid`) REFERENCES `user` (`uuid`)
) ENGINE=InnoDB DEFAULT CHARSET=utf8mb3;

-- Dumping data for table los.chat_message: ~0 rows (approximately)
/*!40000 ALTER TABLE `chat_message` DISABLE KEYS */;
/*!40000 ALTER TABLE `chat_message` ENABLE KEYS */;

-- Dumping structure for table los.icon
CREATE TABLE IF NOT EXISTS `icon` (
  `id` int(11) DEFAULT NULL,
  `price` bigint(20) DEFAULT NULL,
  `availability` text DEFAULT NULL
) ENGINE=InnoDB DEFAULT CHARSET=utf8mb3;

-- Dumping data for table los.icon: ~274 rows (approximately)
/*!40000 ALTER TABLE `icon` DISABLE KEYS */;
INSERT INTO `icon` (`id`, `price`, `availability`) VALUES
	(0, NULL, 'PUBLIC'),
	(1, NULL, 'PUBLIC'),
	(2, NULL, 'PUBLIC'),
	(3, NULL, 'PUBLIC'),
	(4, NULL, 'PUBLIC'),
	(5, NULL, 'PUBLIC'),
	(6, NULL, 'PUBLIC'),
	(7, NULL, 'PUBLIC'),
	(8, NULL, 'PUBLIC'),
	(9, NULL, 'PUBLIC'),
	(10, NULL, 'PUBLIC'),
	(11, NULL, 'PUBLIC'),
	(12, NULL, 'PUBLIC'),
	(13, NULL, 'PUBLIC'),
	(14, NULL, 'PUBLIC'),
	(15, NULL, 'PUBLIC'),
	(16, NULL, 'PUBLIC'),
	(17, NULL, 'PUBLIC'),
	(18, NULL, 'PUBLIC'),
	(19, NULL, 'PUBLIC'),
	(20, NULL, 'PUBLIC'),
	(21, NULL, 'PUBLIC'),
	(22, NULL, 'PUBLIC'),
	(23, NULL, 'PUBLIC'),
	(24, NULL, 'PUBLIC'),
	(25, NULL, 'PUBLIC'),
	(26, NULL, 'PUBLIC'),
	(27, NULL, 'PUBLIC'),
	(28, NULL, 'PUBLIC'),
	(29, NULL, 'LIMITED'),
	(30, 400, 'LIMITED'),
	(31, 400, 'PURCHASABLE'),
	(32, 400, 'PURCHASABLE'),
	(33, 400, 'PURCHASABLE'),
	(34, 400, 'PURCHASABLE'),
	(35, 400, 'PURCHASABLE'),
	(36, 1000, 'PURCHASABLE'),
	(37, NULL, 'LIMITED'),
	(38, NULL, 'LIMITED'),
	(39, NULL, 'LIMITED'),
	(40, NULL, 'LIMITED'),
	(41, NULL, 'LIMITED'),
	(42, NULL, 'LIMITED'),
	(43, NULL, 'LIMITED'),
	(44, NULL, 'LIMITED'),
	(45, NULL, 'LIMITED'),
	(46, NULL, 'LIMITED'),
	(47, NULL, 'LIMITED'),
	(48, NULL, 'LIMITED'),
	(49, NULL, 'LIMITED'),
	(50, NULL, 'LIMITED'),
	(51, NULL, 'LIMITED'),
	(52, NULL, 'LIMITED'),
	(53, NULL, 'LIMITED'),
	(54, NULL, 'LIMITED'),
	(55, NULL, 'LIMITED'),
	(56, NULL, 'LIMITED'),
	(57, NULL, 'LIMITED'),
	(58, NULL, 'LIMITED'),
	(59, NULL, 'LIMITED'),
	(60, NULL, 'LIMITED'),
	(61, 600, 'PURCHASABLE'),
	(62, 600, 'PURCHASABLE'),
	(63, 600, 'PURCHASABLE'),
	(64, 600, 'PURCHASABLE'),
	(65, 600, 'PURCHASABLE'),
	(66, 600, 'PURCHASABLE'),
	(67, 600, 'PURCHASABLE'),
	(68, 600, 'PURCHASABLE'),
	(69, 800, 'PURCHASABLE'),
	(70, 800, 'PURCHASABLE'),
	(71, 800, 'PURCHASABLE'),
	(72, 800, 'PURCHASABLE'),
	(73, 800, 'PURCHASABLE'),
	(74, 1000, 'PURCHASABLE'),
	(75, 1000, 'PURCHASABLE'),
	(76, 1000, 'PURCHASABLE'),
	(77, 1000, 'PURCHASABLE'),
	(78, 1000, 'PURCHASABLE'),
	(79, 1000, 'PURCHASABLE'),
	(80, 1000, 'PURCHASABLE'),
	(81, 1000, 'PURCHASABLE'),
	(82, 1500, 'PURCHASABLE'),
	(83, 1500, 'PURCHASABLE'),
	(84, 1500, 'PURCHASABLE'),
	(85, 1500, 'PURCHASABLE'),
	(86, 1500, 'PURCHASABLE'),
	(87, 1500, 'PURCHASABLE'),
	(88, 1500, 'PURCHASABLE'),
	(89, 1500, 'PURCHASABLE'),
	(90, 1500, 'PURCHASABLE'),
	(91, 1500, 'PURCHASABLE'),
	(92, 1500, 'PURCHASABLE'),
	(93, 1500, 'PURCHASABLE'),
	(94, 1500, 'PURCHASABLE'),
	(95, 1500, 'PURCHASABLE'),
	(96, 1500, 'PURCHASABLE'),
	(97, 1500, 'PURCHASABLE'),
	(98, 1500, 'PURCHASABLE'),
	(99, 1500, 'PURCHASABLE'),
	(100, 1500, 'PURCHASABLE'),
	(101, 1500, 'PURCHASABLE'),
	(102, 1500, 'PURCHASABLE'),
	(103, 1000, 'PURCHASABLE'),
	(104, NULL, 'LIMITED'),
	(105, 1000, 'PURCHASABLE'),
	(106, 1000, 'PURCHASABLE'),
	(107, 1000, 'PURCHASABLE'),
	(108, 1000, 'PURCHASABLE'),
	(109, NULL, 'LIMITED'),
	(110, NULL, 'LIMITED'),
	(111, NULL, 'LIMITED'),
	(112, NULL, 'LIMITED'),
	(113, NULL, 'LIMITED'),
	(114, NULL, 'LIMITED'),
	(115, 1000, 'PURCHASABLE'),
	(116, 1000, 'PURCHASABLE'),
	(117, 1000, 'PURCHASABLE'),
	(118, 1000, 'PURCHASABLE'),
	(119, 1000, 'PURCHASABLE'),
	(120, 1000, 'PURCHASABLE'),
	(121, 2000, 'PURCHASABLE'),
	(122, 2000, 'PURCHASABLE'),
	(123, 2000, 'PURCHASABLE'),
	(124, 2000, 'PURCHASABLE'),
	(125, 2000, 'PURCHASABLE'),
	(126, 2000, 'PURCHASABLE'),
	(127, 2000, 'PURCHASABLE'),
	(128, 2000, 'PURCHASABLE'),
	(129, 2000, 'PURCHASABLE'),
	(130, 2000, 'PURCHASABLE'),
	(131, 1250, 'PURCHASABLE'),
	(132, 1250, 'PURCHASABLE'),
	(133, 1250, 'PURCHASABLE'),
	(134, 1250, 'PURCHASABLE'),
	(135, NULL, 'LIMITED'),
	(136, NULL, 'LIMITED'),
	(137, NULL, 'LIMITED'),
	(138, NULL, 'LIMITED'),
	(139, NULL, 'LIMITED'),
	(140, NULL, 'LIMITED'),
	(141, 2000, 'PURCHASABLE'),
	(142, 2000, 'PURCHASABLE'),
	(143, 2000, 'PURCHASABLE'),
	(144, 2000, 'PURCHASABLE'),
	(145, 2000, 'PURCHASABLE'),
	(146, 2000, 'PURCHASABLE'),
	(147, 2000, 'PURCHASABLE'),
	(148, 2000, 'PURCHASABLE'),
	(149, 2000, 'PURCHASABLE'),
	(150, 2000, 'PURCHASABLE'),
	(151, 2000, 'PURCHASABLE'),
	(152, 2000, 'PURCHASABLE'),
	(153, 2000, 'PURCHASABLE'),
	(154, 2000, 'PURCHASABLE'),
	(155, 2000, 'PURCHASABLE'),
	(156, 2000, 'PURCHASABLE'),
	(157, NULL, 'LIMITED'),
	(158, NULL, 'LIMITED'),
	(159, NULL, 'LIMITED'),
	(160, NULL, 'LIMITED'),
	(161, NULL, 'LIMITED'),
	(162, NULL, 'LIMITED'),
	(163, NULL, 'LIMITED'),
	(164, NULL, 'LIMITED'),
	(165, NULL, 'LIMITED'),
	(166, NULL, 'LIMITED'),
	(167, NULL, 'LIMITED'),
	(168, NULL, 'LIMITED'),
	(169, NULL, 'LIMITED'),
	(170, NULL, 'LIMITED'),
	(171, NULL, 'LIMITED'),
	(172, NULL, 'LIMITED'),
	(173, NULL, 'LIMITED'),
	(174, NULL, 'LIMITED'),
	(175, NULL, 'LIMITED'),
	(176, NULL, 'LIMITED'),
	(177, NULL, 'LIMITED'),
	(178, NULL, 'LIMITED'),
	(179, NULL, 'LIMITED'),
	(180, NULL, 'LIMITED'),
	(181, NULL, 'LIMITED'),
	(182, NULL, 'LIMITED'),
	(183, NULL, 'LIMITED'),
	(184, NULL, 'LIMITED'),
	(185, NULL, 'LIMITED'),
	(186, NULL, 'LIMITED'),
	(187, NULL, 'LIMITED'),
	(188, NULL, 'LIMITED'),
	(189, NULL, 'LIMITED'),
	(190, NULL, 'LIMITED'),
	(191, NULL, 'LIMITED'),
	(192, NULL, 'LIMITED'),
	(193, NULL, 'LIMITED'),
	(194, NULL, 'LIMITED'),
	(195, NULL, 'LIMITED'),
	(196, NULL, 'LIMITED'),
	(197, NULL, 'LIMITED'),
	(198, NULL, 'LIMITED'),
	(199, NULL, 'LIMITED'),
	(200, NULL, 'LIMITED'),
	(201, NULL, 'LIMITED'),
	(202, NULL, 'LIMITED'),
	(203, NULL, 'LIMITED'),
	(204, NULL, 'LIMITED'),
	(205, NULL, 'LIMITED'),
	(206, NULL, 'LIMITED'),
	(207, NULL, 'LIMITED'),
	(208, NULL, 'LIMITED'),
	(209, NULL, 'LIMITED'),
	(210, NULL, 'LIMITED'),
	(211, NULL, 'LIMITED'),
	(212, NULL, 'LIMITED'),
	(213, NULL, 'LIMITED'),
	(214, NULL, 'LIMITED'),
	(215, NULL, 'LIMITED'),
	(216, NULL, 'LIMITED'),
	(217, NULL, 'LIMITED'),
	(218, NULL, 'LIMITED'),
	(219, NULL, 'LIMITED'),
	(220, NULL, 'LIMITED'),
	(221, NULL, 'LIMITED'),
	(222, NULL, 'LIMITED'),
	(223, NULL, 'LIMITED'),
	(224, NULL, 'LIMITED'),
	(225, NULL, 'LIMITED'),
	(226, NULL, 'LIMITED'),
	(227, NULL, 'LIMITED'),
	(228, NULL, 'LIMITED'),
	(229, NULL, 'LIMITED'),
	(230, NULL, 'LIMITED'),
	(231, NULL, 'LIMITED'),
	(232, NULL, 'LIMITED'),
	(233, NULL, 'LIMITED'),
	(234, NULL, 'LIMITED'),
	(235, NULL, 'LIMITED'),
	(236, NULL, 'LIMITED'),
	(237, NULL, 'LIMITED'),
	(238, NULL, 'LIMITED'),
	(239, NULL, 'LIMITED'),
	(240, NULL, 'LIMITED'),
	(241, NULL, 'LIMITED'),
	(242, NULL, 'LIMITED'),
	(243, NULL, 'LIMITED'),
	(244, NULL, 'LIMITED'),
	(245, NULL, 'LIMITED'),
	(246, NULL, 'LIMITED'),
	(247, NULL, 'LIMITED'),
	(248, NULL, 'LIMITED'),
	(249, NULL, 'LIMITED'),
	(250, NULL, 'LIMITED'),
	(251, NULL, 'LIMITED'),
	(252, NULL, 'LIMITED'),
	(253, NULL, 'LIMITED'),
	(254, NULL, 'LIMITED'),
	(255, NULL, 'LIMITED'),
	(256, NULL, 'LIMITED'),
	(257, NULL, 'LIMITED'),
	(258, NULL, 'LIMITED'),
	(259, NULL, 'LIMITED'),
	(260, NULL, 'LIMITED'),
	(261, NULL, 'LIMITED'),
	(262, NULL, 'LIMITED'),
	(263, NULL, 'LIMITED'),
	(264, NULL, 'LIMITED'),
	(265, NULL, 'LIMITED'),
	(266, NULL, 'LIMITED'),
	(267, NULL, 'LIMITED'),
	(268, NULL, 'LIMITED'),
	(269, NULL, 'LIMITED'),
	(270, NULL, 'LIMITED'),
	(9420, NULL, 'LIMITED'),
	(9421, NULL, 'LIMITED'),
	(9422, NULL, 'LIMITED');
/*!40000 ALTER TABLE `icon` ENABLE KEYS */;

-- Dumping structure for table los.news
CREATE TABLE IF NOT EXISTS `news` (
  `id` bigint(20) NOT NULL AUTO_INCREMENT,
  `author` varchar(255) NOT NULL,
  `content` longtext NOT NULL,
  `created` datetime(6) NOT NULL,
  `image_url` varchar(255) DEFAULT NULL,
  `title` varchar(255) NOT NULL,
  `updated` datetime(6) DEFAULT NULL,
  PRIMARY KEY (`id`)
) ENGINE=InnoDB DEFAULT CHARSET=utf8mb3;

-- Dumping data for table los.news: ~0 rows (approximately)
/*!40000 ALTER TABLE `news` DISABLE KEYS */;
/*!40000 ALTER TABLE `news` ENABLE KEYS */;

-- Dumping structure for table los.relationship
CREATE TABLE IF NOT EXISTS `relationship` (
  `relationship_status` varchar(255) DEFAULT NULL,
  `friend_uuid` varchar(255) NOT NULL,
  `owner_uuid` varchar(255) NOT NULL,
  PRIMARY KEY (`friend_uuid`,`owner_uuid`),
  KEY `FK3yhawqi64mqrtrpxgemougtfs` (`owner_uuid`),
  CONSTRAINT `FK3yhawqi64mqrtrpxgemougtfs` FOREIGN KEY (`owner_uuid`) REFERENCES `user` (`uuid`),
  CONSTRAINT `FKs3xtrbvanwx07v1bcns6ccmhn` FOREIGN KEY (`friend_uuid`) REFERENCES `user` (`uuid`)
) ENGINE=InnoDB DEFAULT CHARSET=utf8mb3;

-- Dumping data for table los.relationship: ~0 rows (approximately)
/*!40000 ALTER TABLE `relationship` DISABLE KEYS */;
/*!40000 ALTER TABLE `relationship` ENABLE KEYS */;

-- Dumping structure for table los.skin
CREATE TABLE IF NOT EXISTS `skin` (
  `id` int(11) DEFAULT NULL,
  `availability` text DEFAULT NULL,
  `name` text DEFAULT NULL,
  `picture_id` int(11) DEFAULT NULL,
  `price` bigint(20) DEFAULT NULL,
  `champion_id` text DEFAULT NULL
) ENGINE=InnoDB DEFAULT CHARSET=utf8mb3;

-- Dumping data for table los.skin: ~668 rows (approximately)
/*!40000 ALTER TABLE `skin` DISABLE KEYS */;
INSERT INTO `skin` (`id`, `availability`, `name`, `picture_id`, `price`, `champion_id`) VALUES
	(1, 'PUBLIC', 'default', 0, NULL, 'Aatrox'),
	(2, 'PUBLIC', 'Justicar Aatrox', 1, NULL, 'Aatrox'),
	(3, 'PUBLIC', 'Mecha Aatrox', 2, NULL, 'Aatrox'),
	(4, 'PUBLIC', 'default', 0, NULL, 'Ahri'),
	(5, 'PUBLIC', 'Dynasty Ahri', 1, NULL, 'Ahri'),
	(6, 'PUBLIC', 'Midnight Ahri', 2, NULL, 'Ahri'),
	(7, 'PUBLIC', 'Foxfire Ahri', 3, NULL, 'Ahri'),
	(8, 'PUBLIC', 'Popstar Ahri', 4, NULL, 'Ahri'),
	(9, 'PUBLIC', 'default', 0, NULL, 'Akali'),
	(10, 'PUBLIC', 'Stinger Akali', 1, NULL, 'Akali'),
	(11, 'PUBLIC', 'Crimson Akali', 2, NULL, 'Akali'),
	(12, 'PUBLIC', 'All-star Akali', 3, NULL, 'Akali'),
	(13, 'PUBLIC', 'Nurse Akali', 4, NULL, 'Akali'),
	(14, 'PUBLIC', 'Blood Moon Akali', 5, NULL, 'Akali'),
	(15, 'PUBLIC', 'Silverfang Akali', 6, NULL, 'Akali'),
	(16, 'PUBLIC', 'default', 0, NULL, 'Alistar'),
	(17, 'PUBLIC', 'Black Alistar', 1, NULL, 'Alistar'),
	(18, 'PUBLIC', 'Golden Alistar', 2, NULL, 'Alistar'),
	(19, 'PUBLIC', 'Matador Alistar', 3, NULL, 'Alistar'),
	(20, 'PUBLIC', 'Longhorn Alistar', 4, NULL, 'Alistar'),
	(21, 'PUBLIC', 'Unchained Alistar', 5, NULL, 'Alistar'),
	(22, 'PUBLIC', 'Infernal Alistar', 6, NULL, 'Alistar'),
	(23, 'PUBLIC', 'Sweeper Alistar', 7, NULL, 'Alistar'),
	(24, 'PUBLIC', 'default', 0, NULL, 'Amumu'),
	(25, 'PUBLIC', 'Pharaoh Amumu', 1, NULL, 'Amumu'),
	(26, 'PUBLIC', 'Vancouver Amumu', 2, NULL, 'Amumu'),
	(27, 'PUBLIC', 'Emumu', 3, NULL, 'Amumu'),
	(28, 'PUBLIC', 'Re-Gifted Amumu', 4, NULL, 'Amumu'),
	(29, 'PUBLIC', 'Almost-Prom King Amumu', 5, NULL, 'Amumu'),
	(30, 'PUBLIC', 'Little Knight Amumu', 6, NULL, 'Amumu'),
	(31, 'PUBLIC', 'Sad Robot Amumu', 7, NULL, 'Amumu'),
	(32, 'PUBLIC', 'default', 0, NULL, 'Anivia'),
	(33, 'PUBLIC', 'Team Spirit Anivia', 1, NULL, 'Anivia'),
	(34, 'PUBLIC', 'Bird of Prey Anivia', 2, NULL, 'Anivia'),
	(35, 'PUBLIC', 'Noxus Hunter Anivia', 3, NULL, 'Anivia'),
	(36, 'PUBLIC', 'Hextech Anivia', 4, NULL, 'Anivia'),
	(37, 'PUBLIC', 'Blackfrost Anivia', 5, NULL, 'Anivia'),
	(38, 'PUBLIC', 'default', 0, NULL, 'Annie'),
	(39, 'PUBLIC', 'Goth Annie', 1, NULL, 'Annie'),
	(40, 'PUBLIC', 'Red Riding Annie', 2, NULL, 'Annie'),
	(41, 'PUBLIC', 'Annie in Wonderland', 3, NULL, 'Annie'),
	(42, 'PUBLIC', 'Prom Queen Annie', 4, NULL, 'Annie'),
	(43, 'PUBLIC', 'Frostfire Annie', 5, NULL, 'Annie'),
	(44, 'PUBLIC', 'Reverse Annie', 6, NULL, 'Annie'),
	(45, 'PUBLIC', 'FrankenTibbers Annie', 7, NULL, 'Annie'),
	(46, 'PUBLIC', 'Panda Annie', 8, NULL, 'Annie'),
	(47, 'PUBLIC', 'default', 0, NULL, 'Ashe'),
	(48, 'PUBLIC', 'Freljord Ashe', 1, NULL, 'Ashe'),
	(49, 'PUBLIC', 'Sherwood Forest Ashe', 2, NULL, 'Ashe'),
	(50, 'PUBLIC', 'Woad Ashe', 3, NULL, 'Ashe'),
	(51, 'PUBLIC', 'Queen Ashe', 4, NULL, 'Ashe'),
	(52, 'PUBLIC', 'Amethyst Ashe', 5, NULL, 'Ashe'),
	(53, 'PUBLIC', 'Heartseeker Ashe', 6, NULL, 'Ashe'),
	(54, 'PUBLIC', 'default', 0, NULL, 'Azir'),
	(55, 'PUBLIC', 'Galactic Azir', 1, NULL, 'Azir'),
	(56, 'PUBLIC', 'default', 0, NULL, 'Blitzcrank'),
	(57, 'PUBLIC', 'Rusty Blitzcrank', 1, NULL, 'Blitzcrank'),
	(58, 'PUBLIC', 'Goalkeeper Blitzcrank', 2, NULL, 'Blitzcrank'),
	(59, 'PUBLIC', 'Boom Boom Blitzcrank', 3, NULL, 'Blitzcrank'),
	(60, 'PUBLIC', 'Piltover Customs Blitzcrank', 4, NULL, 'Blitzcrank'),
	(61, 'PUBLIC', 'Definitely Not Blitzcrank', 5, NULL, 'Blitzcrank'),
	(62, 'PUBLIC', 'iBlitzcrank', 6, NULL, 'Blitzcrank'),
	(63, 'PUBLIC', 'Riot Blitzcrank', 7, NULL, 'Blitzcrank'),
	(64, 'PUBLIC', 'default', 0, NULL, 'Brand'),
	(65, 'PUBLIC', 'Apocalyptic Brand', 1, NULL, 'Brand'),
	(66, 'PUBLIC', 'Vandal Brand', 2, NULL, 'Brand'),
	(67, 'PUBLIC', 'Cryocore Brand', 3, NULL, 'Brand'),
	(68, 'PUBLIC', 'Zombie Brand', 4, NULL, 'Brand'),
	(69, 'PUBLIC', 'default', 0, NULL, 'Braum'),
	(70, 'PUBLIC', 'Dragonslayer Braum', 1, NULL, 'Braum'),
	(71, 'PUBLIC', 'default', 0, NULL, 'Caitlyn'),
	(72, 'PUBLIC', 'Resistance Caitlyn', 1, NULL, 'Caitlyn'),
	(73, 'PUBLIC', 'Sheriff Caitlyn', 2, NULL, 'Caitlyn'),
	(74, 'PUBLIC', 'Safari Caitlyn', 3, NULL, 'Caitlyn'),
	(75, 'PUBLIC', 'Arctic Warfare Caitlyn', 4, NULL, 'Caitlyn'),
	(76, 'PUBLIC', 'Officer Caitlyn', 5, NULL, 'Caitlyn'),
	(77, 'PUBLIC', 'Headhunter Caitlyn', 6, NULL, 'Caitlyn'),
	(78, 'PUBLIC', 'default', 0, NULL, 'Cassiopeia'),
	(79, 'PUBLIC', 'Desperada Cassiopeia', 1, NULL, 'Cassiopeia'),
	(80, 'PUBLIC', 'Siren Cassiopeia', 2, NULL, 'Cassiopeia'),
	(81, 'PUBLIC', 'Mythic Cassiopeia', 3, NULL, 'Cassiopeia'),
	(82, 'PUBLIC', 'Jade Fang Cassiopeia', 4, NULL, 'Cassiopeia'),
	(83, 'PUBLIC', 'default', 0, NULL, 'Chogath'),
	(84, 'PUBLIC', 'Nightmare Cho\'Gath', 1, NULL, 'Chogath'),
	(85, 'PUBLIC', 'Gentleman Cho\'Gath', 2, NULL, 'Chogath'),
	(86, 'PUBLIC', 'Loch Ness Cho\'Gath', 3, NULL, 'Chogath'),
	(87, 'PUBLIC', 'Jurassic Cho\'Gath', 4, NULL, 'Chogath'),
	(88, 'PUBLIC', 'Battlecast Prime Cho\'Gath', 5, NULL, 'Chogath'),
	(89, 'PUBLIC', 'default', 0, NULL, 'Corki'),
	(90, 'PUBLIC', 'UFO Corki', 1, NULL, 'Corki'),
	(91, 'PUBLIC', 'Ice Toboggan Corki', 2, NULL, 'Corki'),
	(92, 'PUBLIC', 'Red Baron Corki', 3, NULL, 'Corki'),
	(93, 'PUBLIC', 'Hot Rod Corki', 4, NULL, 'Corki'),
	(94, 'PUBLIC', 'Urfrider Corki', 5, NULL, 'Corki'),
	(95, 'PUBLIC', 'Dragonwing Corki', 6, NULL, 'Corki'),
	(96, 'PUBLIC', 'Fnatic Corki', 7, NULL, 'Corki'),
	(97, 'PUBLIC', 'default', 0, NULL, 'Darius'),
	(98, 'PUBLIC', 'Lord Darius', 1, NULL, 'Darius'),
	(99, 'PUBLIC', 'Bioforge Darius', 2, NULL, 'Darius'),
	(100, 'PUBLIC', 'Woad King Darius', 3, NULL, 'Darius'),
	(101, 'PUBLIC', 'Dunkmaster Darius', 4, NULL, 'Darius'),
	(102, 'PUBLIC', 'default', 0, NULL, 'Diana'),
	(103, 'PUBLIC', 'Dark Valkyrie Diana', 1, NULL, 'Diana'),
	(104, 'PUBLIC', 'Lunar Goddess Diana', 2, NULL, 'Diana'),
	(105, 'PUBLIC', 'default', 0, NULL, 'Draven'),
	(106, 'PUBLIC', 'Soul Reaver Draven', 1, NULL, 'Draven'),
	(107, 'PUBLIC', 'Gladiator Draven', 2, NULL, 'Draven'),
	(108, 'PUBLIC', 'Primetime Draven', 3, NULL, 'Draven'),
	(109, 'PUBLIC', 'default', 0, NULL, 'DrMundo'),
	(110, 'PUBLIC', 'Toxic Dr. Mundo', 1, NULL, 'DrMundo'),
	(111, 'PUBLIC', 'Mr. Mundoverse', 2, NULL, 'DrMundo'),
	(112, 'PUBLIC', 'Corporate Mundo', 3, NULL, 'DrMundo'),
	(113, 'PUBLIC', 'Mundo Mundo', 4, NULL, 'DrMundo'),
	(114, 'PUBLIC', 'Executioner Mundo', 5, NULL, 'DrMundo'),
	(115, 'PUBLIC', 'Rageborn Mundo', 6, NULL, 'DrMundo'),
	(116, 'PUBLIC', 'TPA Mundo', 7, NULL, 'DrMundo'),
	(117, 'PUBLIC', 'default', 0, NULL, 'Elise'),
	(118, 'PUBLIC', 'Death Blossom Elise', 1, NULL, 'Elise'),
	(119, 'PUBLIC', 'Victorious Elise', 2, NULL, 'Elise'),
	(120, 'PUBLIC', 'default', 0, NULL, 'Evelynn'),
	(121, 'PUBLIC', 'Shadow Evelynn', 1, NULL, 'Evelynn'),
	(122, 'PUBLIC', 'Masquerade Evelynn', 2, NULL, 'Evelynn'),
	(123, 'PUBLIC', 'Tango Evelynn', 3, NULL, 'Evelynn'),
	(124, 'PUBLIC', 'default', 0, NULL, 'Ezreal'),
	(125, 'PUBLIC', 'Nottingham Ezreal', 1, NULL, 'Ezreal'),
	(126, 'PUBLIC', 'Striker Ezreal', 2, NULL, 'Ezreal'),
	(127, 'PUBLIC', 'Frosted Ezreal', 3, NULL, 'Ezreal'),
	(128, 'PUBLIC', 'Explorer Ezreal', 4, NULL, 'Ezreal'),
	(129, 'PUBLIC', 'Pulsefire Ezreal', 5, NULL, 'Ezreal'),
	(130, 'PUBLIC', 'TPA Ezreal', 6, NULL, 'Ezreal'),
	(131, 'PUBLIC', 'Debonair Ezreal', 7, NULL, 'Ezreal'),
	(132, 'PUBLIC', 'default', 0, NULL, 'FiddleSticks'),
	(133, 'PUBLIC', 'Spectral Fiddlesticks', 1, NULL, 'FiddleSticks'),
	(134, 'PUBLIC', 'Union Jack Fiddlesticks', 2, NULL, 'FiddleSticks'),
	(135, 'PUBLIC', 'Bandito Fiddlesticks', 3, NULL, 'FiddleSticks'),
	(136, 'PUBLIC', 'Pumpkinhead Fiddlesticks', 4, NULL, 'FiddleSticks'),
	(137, 'PUBLIC', 'Fiddle Me Timbers', 5, NULL, 'FiddleSticks'),
	(138, 'PUBLIC', 'Surprise Party Fiddlesticks', 6, NULL, 'FiddleSticks'),
	(139, 'PUBLIC', 'Dark Candy Fiddlesticks', 7, NULL, 'FiddleSticks'),
	(140, 'PUBLIC', 'default', 0, NULL, 'Fiora'),
	(141, 'PUBLIC', 'Royal Guard Fiora', 1, NULL, 'Fiora'),
	(142, 'PUBLIC', 'Nightraven Fiora', 2, NULL, 'Fiora'),
	(143, 'PUBLIC', 'Headmistress Fiora', 3, NULL, 'Fiora'),
	(144, 'PUBLIC', 'default', 0, NULL, 'Fizz'),
	(145, 'PUBLIC', 'Atlantean Fizz', 1, NULL, 'Fizz'),
	(146, 'PUBLIC', 'Tundra Fizz', 2, NULL, 'Fizz'),
	(147, 'PUBLIC', 'Fisherman Fizz', 3, NULL, 'Fizz'),
	(148, 'PUBLIC', 'Void Fizz', 4, NULL, 'Fizz'),
	(149, 'PUBLIC', 'default', 0, NULL, 'Galio'),
	(150, 'PUBLIC', 'Enchanted Galio', 1, NULL, 'Galio'),
	(151, 'PUBLIC', 'Hextech Galio', 2, NULL, 'Galio'),
	(152, 'PUBLIC', 'Commando Galio', 3, NULL, 'Galio'),
	(153, 'PUBLIC', 'Gatekeeper Galio', 4, NULL, 'Galio'),
	(154, 'PUBLIC', 'default', 0, NULL, 'Gangplank'),
	(155, 'PUBLIC', 'Spooky Gangplank', 1, NULL, 'Gangplank'),
	(156, 'PUBLIC', 'Minuteman Gangplank', 2, NULL, 'Gangplank'),
	(157, 'PUBLIC', 'Sailor Gangplank', 3, NULL, 'Gangplank'),
	(158, 'PUBLIC', 'Toy Soldier Gangplank', 4, NULL, 'Gangplank'),
	(159, 'PUBLIC', 'Special Forces Gangplank', 5, NULL, 'Gangplank'),
	(160, 'PUBLIC', 'Sultan Gangplank', 6, NULL, 'Gangplank'),
	(161, 'PUBLIC', 'default', 0, NULL, 'Garen'),
	(162, 'PUBLIC', 'Sanguine Garen', 1, NULL, 'Garen'),
	(163, 'PUBLIC', 'Desert Trooper Garen', 2, NULL, 'Garen'),
	(164, 'PUBLIC', 'Commando Garen', 3, NULL, 'Garen'),
	(165, 'PUBLIC', 'Dreadknight Garen', 4, NULL, 'Garen'),
	(166, 'PUBLIC', 'Rugged Garen', 5, NULL, 'Garen'),
	(167, 'PUBLIC', 'Steel Legion Garen', 6, NULL, 'Garen'),
	(168, 'PUBLIC', 'default', 0, NULL, 'Gnar'),
	(169, 'PUBLIC', 'Dino Gnar', 1, NULL, 'Gnar'),
	(170, 'PUBLIC', 'default', 0, NULL, 'Gragas'),
	(171, 'PUBLIC', 'Scuba Gragas', 1, NULL, 'Gragas'),
	(172, 'PUBLIC', 'Hillbilly Gragas', 2, NULL, 'Gragas'),
	(173, 'PUBLIC', 'Santa Gragas', 3, NULL, 'Gragas'),
	(174, 'PUBLIC', 'Gragas, Esq.', 4, NULL, 'Gragas'),
	(175, 'PUBLIC', 'Vandal Gragas', 5, NULL, 'Gragas'),
	(176, 'PUBLIC', 'Oktoberfest Gragas', 6, NULL, 'Gragas'),
	(177, 'PUBLIC', 'Superfan Gragas', 7, NULL, 'Gragas'),
	(178, 'PUBLIC', 'Fnatic Gragas', 8, NULL, 'Gragas'),
	(179, 'PUBLIC', 'default', 0, NULL, 'Graves'),
	(180, 'PUBLIC', 'Hired Gun Graves', 1, NULL, 'Graves'),
	(181, 'PUBLIC', 'Jailbreak Graves', 2, NULL, 'Graves'),
	(182, 'PUBLIC', 'Mafia Graves', 3, NULL, 'Graves'),
	(183, 'PUBLIC', 'Riot Graves', 4, NULL, 'Graves'),
	(184, 'PUBLIC', 'Pool Party Graves', 5, NULL, 'Graves'),
	(185, 'PUBLIC', 'default', 0, NULL, 'Hecarim'),
	(186, 'PUBLIC', 'Blood Knight Hecarim', 1, NULL, 'Hecarim'),
	(187, 'PUBLIC', 'Reaper Hecarim', 2, NULL, 'Hecarim'),
	(188, 'PUBLIC', 'Headless Hecarim', 3, NULL, 'Hecarim'),
	(189, 'PUBLIC', 'Arcade Hecarim', 4, NULL, 'Hecarim'),
	(190, 'PUBLIC', 'default', 0, NULL, 'Heimerdinger'),
	(191, 'PUBLIC', 'Alien Invader Heimerdinger', 1, NULL, 'Heimerdinger'),
	(192, 'PUBLIC', 'Blast Zone Heimerdinger', 2, NULL, 'Heimerdinger'),
	(193, 'PUBLIC', 'Piltover Customs Heimerdinger', 3, NULL, 'Heimerdinger'),
	(194, 'PUBLIC', 'Snowmerdinger', 4, NULL, 'Heimerdinger'),
	(195, 'PUBLIC', 'Hazmat Heimerdinger', 5, NULL, 'Heimerdinger'),
	(196, 'PUBLIC', 'default', 0, NULL, 'Irelia'),
	(197, 'PUBLIC', 'Nightblade Irelia', 1, NULL, 'Irelia'),
	(198, 'PUBLIC', 'Aviator Irelia', 2, NULL, 'Irelia'),
	(199, 'PUBLIC', 'Infiltrator Irelia', 3, NULL, 'Irelia'),
	(200, 'PUBLIC', 'Frostblade Irelia', 4, NULL, 'Irelia'),
	(201, 'PUBLIC', 'default', 0, NULL, 'Janna'),
	(202, 'PUBLIC', 'Tempest Janna', 1, NULL, 'Janna'),
	(203, 'PUBLIC', 'Hextech Janna', 2, NULL, 'Janna'),
	(204, 'PUBLIC', 'Frost Queen Janna', 3, NULL, 'Janna'),
	(205, 'PUBLIC', 'Victorious Janna', 4, NULL, 'Janna'),
	(206, 'PUBLIC', 'Forecast Janna', 5, NULL, 'Janna'),
	(207, 'PUBLIC', 'Fnatic Janna', 6, NULL, 'Janna'),
	(208, 'PUBLIC', 'default', 0, NULL, 'JarvanIV'),
	(209, 'PUBLIC', 'Commando Jarvan IV', 1, NULL, 'JarvanIV'),
	(210, 'PUBLIC', 'Dragonslayer Jarvan IV', 2, NULL, 'JarvanIV'),
	(211, 'PUBLIC', 'Darkforge Jarvan IV', 3, NULL, 'JarvanIV'),
	(212, 'PUBLIC', 'Victorious Jarvan IV', 4, NULL, 'JarvanIV'),
	(213, 'PUBLIC', 'Warring Kingdoms Jarvan IV', 5, NULL, 'JarvanIV'),
	(214, 'PUBLIC', 'Fnatic Jarvan IV', 6, NULL, 'JarvanIV'),
	(215, 'PUBLIC', 'default', 0, NULL, 'Jax'),
	(216, 'PUBLIC', 'The Mighty Jax', 1, NULL, 'Jax'),
	(217, 'PUBLIC', 'Vandal Jax', 2, NULL, 'Jax'),
	(218, 'PUBLIC', 'Angler Jax', 3, NULL, 'Jax'),
	(219, 'PUBLIC', 'PAX Jax', 4, NULL, 'Jax'),
	(220, 'PUBLIC', 'Jaximus', 5, NULL, 'Jax'),
	(221, 'PUBLIC', 'Temple Jax', 6, NULL, 'Jax'),
	(222, 'PUBLIC', 'Nemesis Jax', 7, NULL, 'Jax'),
	(223, 'PUBLIC', 'SKT T1 Jax', 8, NULL, 'Jax'),
	(224, 'PUBLIC', 'default', 0, NULL, 'Jayce'),
	(225, 'PUBLIC', 'Full Metal Jayce', 1, NULL, 'Jayce'),
	(226, 'PUBLIC', 'Debonair Jayce', 2, NULL, 'Jayce'),
	(227, 'PUBLIC', 'default', 0, NULL, 'Jinx'),
	(228, 'PUBLIC', 'Mafia Jinx', 1, NULL, 'Jinx'),
	(229, 'PUBLIC', 'default', 0, NULL, 'Kalista'),
	(230, 'PUBLIC', 'Blood Moon Kalista', 1, NULL, 'Kalista'),
	(231, 'PUBLIC', 'default', 0, NULL, 'Karma'),
	(232, 'PUBLIC', 'Sun Goddess Karma', 1, NULL, 'Karma'),
	(233, 'PUBLIC', 'Sakura Karma', 2, NULL, 'Karma'),
	(234, 'PUBLIC', 'Traditional Karma', 3, NULL, 'Karma'),
	(235, 'PUBLIC', 'Order of the Lotus Karma', 4, NULL, 'Karma'),
	(236, 'PUBLIC', 'default', 0, NULL, 'Karthus'),
	(237, 'PUBLIC', 'Phantom Karthus', 1, NULL, 'Karthus'),
	(238, 'PUBLIC', 'Statue of Karthus', 2, NULL, 'Karthus'),
	(239, 'PUBLIC', 'Grim Reaper Karthus', 3, NULL, 'Karthus'),
	(240, 'PUBLIC', 'Pentakill Karthus', 4, NULL, 'Karthus'),
	(241, 'PUBLIC', 'Fnatic Karthus', 5, NULL, 'Karthus'),
	(242, 'PUBLIC', 'default', 0, NULL, 'Kassadin'),
	(243, 'PUBLIC', 'Festival Kassadin', 1, NULL, 'Kassadin'),
	(244, 'PUBLIC', 'Deep One Kassadin', 2, NULL, 'Kassadin'),
	(245, 'PUBLIC', 'Pre-Void Kassadin', 3, NULL, 'Kassadin'),
	(246, 'PUBLIC', 'Harbinger Kassadin', 4, NULL, 'Kassadin'),
	(247, 'PUBLIC', 'default', 0, NULL, 'Katarina'),
	(248, 'PUBLIC', 'Mercenary Katarina', 1, NULL, 'Katarina'),
	(249, 'PUBLIC', 'Red Card Katarina', 2, NULL, 'Katarina'),
	(250, 'PUBLIC', 'Bilgewater Katarina', 3, NULL, 'Katarina'),
	(251, 'PUBLIC', 'Kitty Cat Katarina', 4, NULL, 'Katarina'),
	(252, 'PUBLIC', 'High Command Katarina', 5, NULL, 'Katarina'),
	(253, 'PUBLIC', 'Sandstorm Katarina', 6, NULL, 'Katarina'),
	(254, 'PUBLIC', 'Slay Belle Katarina', 7, NULL, 'Katarina'),
	(255, 'PUBLIC', 'default', 0, NULL, 'Kayle'),
	(256, 'PUBLIC', 'Silver Kayle', 1, NULL, 'Kayle'),
	(257, 'PUBLIC', 'Viridian Kayle', 2, NULL, 'Kayle'),
	(258, 'PUBLIC', 'Unmasked Kayle', 3, NULL, 'Kayle'),
	(259, 'PUBLIC', 'Battleborn Kayle', 4, NULL, 'Kayle'),
	(260, 'PUBLIC', 'Judgment Kayle', 5, NULL, 'Kayle'),
	(261, 'PUBLIC', 'Aether Wing Kayle', 6, NULL, 'Kayle'),
	(262, 'PUBLIC', 'Riot Kayle', 7, NULL, 'Kayle'),
	(263, 'PUBLIC', 'default', 0, NULL, 'Kennen'),
	(264, 'PUBLIC', 'Deadly Kennen', 1, NULL, 'Kennen'),
	(265, 'PUBLIC', 'Swamp Master Kennen', 2, NULL, 'Kennen'),
	(266, 'PUBLIC', 'Karate Kennen', 3, NULL, 'Kennen'),
	(267, 'PUBLIC', 'Kennen M.D.', 4, NULL, 'Kennen'),
	(268, 'PUBLIC', 'Arctic Ops Kennen', 5, NULL, 'Kennen'),
	(269, 'PUBLIC', 'default', 0, NULL, 'Khazix'),
	(270, 'PUBLIC', 'Mecha Kha\'Zix', 1, NULL, 'Khazix'),
	(271, 'PUBLIC', 'Guardian of the Sands Kha\'Zix', 2, NULL, 'Khazix'),
	(272, 'PUBLIC', 'default', 0, NULL, 'KogMaw'),
	(273, 'PUBLIC', 'Caterpillar Kog\'Maw', 1, NULL, 'KogMaw'),
	(274, 'PUBLIC', 'Sonoran Kog\'Maw', 2, NULL, 'KogMaw'),
	(275, 'PUBLIC', 'Monarch Kog\'Maw', 3, NULL, 'KogMaw'),
	(276, 'PUBLIC', 'Reindeer Kog\'Maw', 4, NULL, 'KogMaw'),
	(277, 'PUBLIC', 'Lion Dance Kog\'Maw', 5, NULL, 'KogMaw'),
	(278, 'PUBLIC', 'Deep Sea Kog\'Maw', 6, NULL, 'KogMaw'),
	(279, 'PUBLIC', 'Jurassic Kog\'Maw', 7, NULL, 'KogMaw'),
	(280, 'PUBLIC', 'Battlecast Kog\'Maw', 8, NULL, 'KogMaw'),
	(281, 'PUBLIC', 'default', 0, NULL, 'Leblanc'),
	(282, 'PUBLIC', 'Wicked LeBlanc', 1, NULL, 'Leblanc'),
	(283, 'PUBLIC', 'Prestigious LeBlanc', 2, NULL, 'Leblanc'),
	(284, 'PUBLIC', 'Mistletoe LeBlanc', 3, NULL, 'Leblanc'),
	(285, 'PUBLIC', 'Ravenborn LeBlanc', 4, NULL, 'Leblanc'),
	(286, 'PUBLIC', 'default', 0, NULL, 'LeeSin'),
	(287, 'PUBLIC', 'Traditional Lee Sin', 1, NULL, 'LeeSin'),
	(288, 'PUBLIC', 'Acolyte Lee Sin', 2, NULL, 'LeeSin'),
	(289, 'PUBLIC', 'Dragon Fist Lee Sin', 3, NULL, 'LeeSin'),
	(290, 'PUBLIC', 'Muay Thai Lee Sin', 4, NULL, 'LeeSin'),
	(291, 'PUBLIC', 'Pool Party Lee Sin', 5, NULL, 'LeeSin'),
	(292, 'PUBLIC', 'SKT T1 Lee Sin', 6, NULL, 'LeeSin'),
	(293, 'PUBLIC', 'default', 0, NULL, 'Leona'),
	(294, 'PUBLIC', 'Valkyrie Leona', 1, NULL, 'Leona'),
	(295, 'PUBLIC', 'Defender Leona', 2, NULL, 'Leona'),
	(296, 'PUBLIC', 'Iron Solari Leona', 3, NULL, 'Leona'),
	(297, 'PUBLIC', 'Pool Party Leona', 4, NULL, 'Leona'),
	(298, 'PUBLIC', 'default', 0, NULL, 'Lissandra'),
	(299, 'PUBLIC', 'Bloodstone Lissandra', 1, NULL, 'Lissandra'),
	(300, 'PUBLIC', 'Blade Queen Lissandra', 2, NULL, 'Lissandra'),
	(301, 'PUBLIC', 'default', 0, NULL, 'Lucian'),
	(302, 'PUBLIC', 'Hired Gun Lucian', 1, NULL, 'Lucian'),
	(303, 'PUBLIC', 'Striker Lucian', 2, NULL, 'Lucian'),
	(304, 'PUBLIC', 'default', 0, NULL, 'Lulu'),
	(305, 'PUBLIC', 'Bittersweet Lulu', 1, NULL, 'Lulu'),
	(306, 'PUBLIC', 'Wicked Lulu', 2, NULL, 'Lulu'),
	(307, 'PUBLIC', 'Dragon Trainer Lulu', 3, NULL, 'Lulu'),
	(308, 'PUBLIC', 'Winter Wonder Lulu', 4, NULL, 'Lulu'),
	(309, 'PUBLIC', 'default', 0, NULL, 'Lux'),
	(310, 'PUBLIC', 'Sorceress Lux', 1, NULL, 'Lux'),
	(311, 'PUBLIC', 'Spellthief Lux', 2, NULL, 'Lux'),
	(312, 'PUBLIC', 'Commando Lux', 3, NULL, 'Lux'),
	(313, 'PUBLIC', 'Imperial Lux', 4, NULL, 'Lux'),
	(314, 'PUBLIC', 'Steel Legion Lux', 5, NULL, 'Lux'),
	(315, 'PUBLIC', 'default', 0, NULL, 'Malphite'),
	(316, 'PUBLIC', 'Shamrock Malphite', 1, NULL, 'Malphite'),
	(317, 'PUBLIC', 'Coral Reef Malphite', 2, NULL, 'Malphite'),
	(318, 'PUBLIC', 'Marble Malphite', 3, NULL, 'Malphite'),
	(319, 'PUBLIC', 'Obsidian Malphite', 4, NULL, 'Malphite'),
	(320, 'PUBLIC', 'Glacial Malphite', 5, NULL, 'Malphite'),
	(321, 'PUBLIC', 'Mecha Malphite', 6, NULL, 'Malphite'),
	(322, 'PUBLIC', 'default', 0, NULL, 'Malzahar'),
	(323, 'PUBLIC', 'Vizier Malzahar', 1, NULL, 'Malzahar'),
	(324, 'PUBLIC', 'Shadow Prince Malzahar', 2, NULL, 'Malzahar'),
	(325, 'PUBLIC', 'Djinn Malzahar', 3, NULL, 'Malzahar'),
	(326, 'PUBLIC', 'Overlord Malzahar', 4, NULL, 'Malzahar'),
	(327, 'PUBLIC', 'default', 0, NULL, 'Maokai'),
	(328, 'PUBLIC', 'Charred Maokai', 1, NULL, 'Maokai'),
	(329, 'PUBLIC', 'Totemic Maokai', 2, NULL, 'Maokai'),
	(330, 'PUBLIC', 'Festive Maokai', 3, NULL, 'Maokai'),
	(331, 'PUBLIC', 'Haunted Maokai', 4, NULL, 'Maokai'),
	(332, 'PUBLIC', 'Goalkeeper Maokai', 5, NULL, 'Maokai'),
	(333, 'PUBLIC', 'default', 0, NULL, 'MasterYi'),
	(334, 'PUBLIC', 'Assassin Master Yi', 1, NULL, 'MasterYi'),
	(335, 'PUBLIC', 'Chosen Master Yi', 2, NULL, 'MasterYi'),
	(336, 'PUBLIC', 'Ionia Master Yi', 3, NULL, 'MasterYi'),
	(337, 'PUBLIC', 'Samurai Yi', 4, NULL, 'MasterYi'),
	(338, 'PUBLIC', 'Headhunter Master Yi', 5, NULL, 'MasterYi'),
	(339, 'PUBLIC', 'default', 0, NULL, 'MissFortune'),
	(340, 'PUBLIC', 'Cowgirl Miss Fortune', 1, NULL, 'MissFortune'),
	(341, 'PUBLIC', 'Waterloo Miss Fortune', 2, NULL, 'MissFortune'),
	(342, 'PUBLIC', 'Secret Agent Miss Fortune', 3, NULL, 'MissFortune'),
	(343, 'PUBLIC', 'Candy Cane Miss Fortune', 4, NULL, 'MissFortune'),
	(344, 'PUBLIC', 'Road Warrior Miss Fortune', 5, NULL, 'MissFortune'),
	(345, 'PUBLIC', 'Mafia Miss Fortune', 6, NULL, 'MissFortune'),
	(346, 'PUBLIC', 'Arcade Miss Fortune', 7, NULL, 'MissFortune'),
	(347, 'PUBLIC', 'default', 0, NULL, 'MonkeyKing'),
	(348, 'PUBLIC', 'Volcanic Wukong', 1, NULL, 'MonkeyKing'),
	(349, 'PUBLIC', 'General Wukong', 2, NULL, 'MonkeyKing'),
	(350, 'PUBLIC', 'Jade Dragon Wukong', 3, NULL, 'MonkeyKing'),
	(351, 'PUBLIC', 'Underworld Wukong', 4, NULL, 'MonkeyKing'),
	(352, 'PUBLIC', 'default', 0, NULL, 'Mordekaiser'),
	(353, 'PUBLIC', 'Dragon Knight Mordekaiser', 1, NULL, 'Mordekaiser'),
	(354, 'PUBLIC', 'Infernal Mordekaiser', 2, NULL, 'Mordekaiser'),
	(355, 'PUBLIC', 'Pentakill Mordekaiser', 3, NULL, 'Mordekaiser'),
	(356, 'PUBLIC', 'Lord Mordekaiser', 4, NULL, 'Mordekaiser'),
	(357, 'PUBLIC', 'default', 0, NULL, 'Morgana'),
	(358, 'PUBLIC', 'Exiled Morgana', 1, NULL, 'Morgana'),
	(359, 'PUBLIC', 'Sinful Succulence Morgana', 2, NULL, 'Morgana'),
	(360, 'PUBLIC', 'Blade Mistress Morgana', 3, NULL, 'Morgana'),
	(361, 'PUBLIC', 'Blackthorn Morgana', 4, NULL, 'Morgana'),
	(362, 'PUBLIC', 'Ghost Bride Morgana', 5, NULL, 'Morgana'),
	(363, 'PUBLIC', 'Victorious Morgana', 6, NULL, 'Morgana'),
	(364, 'PUBLIC', 'default', 0, NULL, 'Nami'),
	(365, 'PUBLIC', 'Koi Nami', 1, NULL, 'Nami'),
	(366, 'PUBLIC', 'River Spirit Nami', 2, NULL, 'Nami'),
	(367, 'PUBLIC', 'default', 0, NULL, 'Nasus'),
	(368, 'PUBLIC', 'Galactic Nasus', 1, NULL, 'Nasus'),
	(369, 'PUBLIC', 'Pharaoh Nasus', 2, NULL, 'Nasus'),
	(370, 'PUBLIC', 'Dreadknight Nasus', 3, NULL, 'Nasus'),
	(371, 'PUBLIC', 'Riot K-9 Nasus', 4, NULL, 'Nasus'),
	(372, 'PUBLIC', 'Infernal Nasus', 5, NULL, 'Nasus'),
	(373, 'PUBLIC', 'default', 0, NULL, 'Nautilus'),
	(374, 'PUBLIC', 'Abyssal Nautilus', 1, NULL, 'Nautilus'),
	(375, 'PUBLIC', 'Subterranean Nautilus', 2, NULL, 'Nautilus'),
	(376, 'PUBLIC', 'AstroNautilus', 3, NULL, 'Nautilus'),
	(377, 'PUBLIC', 'default', 0, NULL, 'Nidalee'),
	(378, 'PUBLIC', 'Snow Bunny Nidalee', 1, NULL, 'Nidalee'),
	(379, 'PUBLIC', 'Leopard Nidalee', 2, NULL, 'Nidalee'),
	(380, 'PUBLIC', 'French Maid Nidalee', 3, NULL, 'Nidalee'),
	(381, 'PUBLIC', 'Pharaoh Nidalee', 4, NULL, 'Nidalee'),
	(382, 'PUBLIC', 'Bewitching Nidalee', 5, NULL, 'Nidalee'),
	(383, 'PUBLIC', 'Headhunter Nidalee', 6, NULL, 'Nidalee'),
	(384, 'PUBLIC', 'default', 0, NULL, 'Nocturne'),
	(385, 'PUBLIC', 'Frozen Terror Nocturne', 1, NULL, 'Nocturne'),
	(386, 'PUBLIC', 'Void Nocturne', 2, NULL, 'Nocturne'),
	(387, 'PUBLIC', 'Ravager Nocturne', 3, NULL, 'Nocturne'),
	(388, 'PUBLIC', 'Haunting Nocturne', 4, NULL, 'Nocturne'),
	(389, 'PUBLIC', 'Eternum Nocturne', 5, NULL, 'Nocturne'),
	(390, 'PUBLIC', 'default', 0, NULL, 'Nunu'),
	(391, 'PUBLIC', 'Sasquatch Nunu', 1, NULL, 'Nunu'),
	(392, 'PUBLIC', 'Workshop Nunu', 2, NULL, 'Nunu'),
	(393, 'PUBLIC', 'Grungy Nunu', 3, NULL, 'Nunu'),
	(394, 'PUBLIC', 'Nunu Bot', 4, NULL, 'Nunu'),
	(395, 'PUBLIC', 'Demolisher Nunu', 5, NULL, 'Nunu'),
	(396, 'PUBLIC', 'TPA Nunu', 6, NULL, 'Nunu'),
	(397, 'PUBLIC', 'default', 0, NULL, 'Olaf'),
	(398, 'PUBLIC', 'Forsaken Olaf', 1, NULL, 'Olaf'),
	(399, 'PUBLIC', 'Glacial Olaf', 2, NULL, 'Olaf'),
	(400, 'PUBLIC', 'Brolaf', 3, NULL, 'Olaf'),
	(401, 'PUBLIC', 'Pentakill Olaf', 4, NULL, 'Olaf'),
	(402, 'PUBLIC', 'default', 0, NULL, 'Orianna'),
	(403, 'PUBLIC', 'Gothic Orianna', 1, NULL, 'Orianna'),
	(404, 'PUBLIC', 'Sewn Chaos Orianna', 2, NULL, 'Orianna'),
	(405, 'PUBLIC', 'Bladecraft Orianna', 3, NULL, 'Orianna'),
	(406, 'PUBLIC', 'TPA Orianna', 4, NULL, 'Orianna'),
	(407, 'PUBLIC', 'default', 0, NULL, 'Pantheon'),
	(408, 'PUBLIC', 'Myrmidon Pantheon', 1, NULL, 'Pantheon'),
	(409, 'PUBLIC', 'Ruthless Pantheon', 2, NULL, 'Pantheon'),
	(410, 'PUBLIC', 'Perseus Pantheon', 3, NULL, 'Pantheon'),
	(411, 'PUBLIC', 'Full Metal Pantheon', 4, NULL, 'Pantheon'),
	(412, 'PUBLIC', 'Glaive Warrior Pantheon', 5, NULL, 'Pantheon'),
	(413, 'PUBLIC', 'Dragonslayer Pantheon', 6, NULL, 'Pantheon'),
	(414, 'PUBLIC', 'default', 0, NULL, 'Poppy'),
	(415, 'PUBLIC', 'Noxus Poppy', 1, NULL, 'Poppy'),
	(416, 'PUBLIC', 'Lollipoppy', 2, NULL, 'Poppy'),
	(417, 'PUBLIC', 'Blacksmith Poppy', 3, NULL, 'Poppy'),
	(418, 'PUBLIC', 'Ragdoll Poppy', 4, NULL, 'Poppy'),
	(419, 'PUBLIC', 'Battle Regalia Poppy', 5, NULL, 'Poppy'),
	(420, 'PUBLIC', 'Scarlet Hammer Poppy', 6, NULL, 'Poppy'),
	(421, 'PUBLIC', 'default', 0, NULL, 'Quinn'),
	(422, 'PUBLIC', 'Phoenix Quinn', 1, NULL, 'Quinn'),
	(423, 'PUBLIC', 'Woad Scout Quinn', 2, NULL, 'Quinn'),
	(424, 'PUBLIC', 'default', 0, NULL, 'Rammus'),
	(425, 'PUBLIC', 'King Rammus', 1, NULL, 'Rammus'),
	(426, 'PUBLIC', 'Chrome Rammus', 2, NULL, 'Rammus'),
	(427, 'PUBLIC', 'Molten Rammus', 3, NULL, 'Rammus'),
	(428, 'PUBLIC', 'Freljord Rammus', 4, NULL, 'Rammus'),
	(429, 'PUBLIC', 'Ninja Rammus', 5, NULL, 'Rammus'),
	(430, 'PUBLIC', 'Full Metal Rammus', 6, NULL, 'Rammus'),
	(431, 'PUBLIC', 'default', 0, NULL, 'Renekton'),
	(432, 'PUBLIC', 'Galactic Renekton', 1, NULL, 'Renekton'),
	(433, 'PUBLIC', 'Outback Renekton', 2, NULL, 'Renekton'),
	(434, 'PUBLIC', 'Bloodfury Renekton', 3, NULL, 'Renekton'),
	(435, 'PUBLIC', 'Rune Wars Renekton', 4, NULL, 'Renekton'),
	(436, 'PUBLIC', 'Scorched Earth Renekton', 5, NULL, 'Renekton'),
	(437, 'PUBLIC', 'Pool Party Renekton', 6, NULL, 'Renekton'),
	(438, 'PUBLIC', 'default', 0, NULL, 'Rengar'),
	(439, 'PUBLIC', 'Headhunter Rengar', 1, NULL, 'Rengar'),
	(440, 'PUBLIC', 'Night Hunter Rengar', 2, NULL, 'Rengar'),
	(441, 'PUBLIC', 'default', 0, NULL, 'Riven'),
	(442, 'PUBLIC', 'Redeemed Riven', 1, NULL, 'Riven'),
	(443, 'PUBLIC', 'Crimson Elite Riven', 2, NULL, 'Riven'),
	(444, 'PUBLIC', 'Battle Bunny Riven', 3, NULL, 'Riven'),
	(445, 'PUBLIC', 'Championship Riven', 4, NULL, 'Riven'),
	(446, 'PUBLIC', 'Dragonblade Riven', 5, NULL, 'Riven'),
	(447, 'PUBLIC', 'default', 0, NULL, 'Rumble'),
	(448, 'PUBLIC', 'Rumble in the Jungle', 1, NULL, 'Rumble'),
	(449, 'PUBLIC', 'Bilgerat Rumble', 2, NULL, 'Rumble'),
	(450, 'PUBLIC', 'Super Galaxy Rumble', 3, NULL, 'Rumble'),
	(451, 'PUBLIC', 'default', 0, NULL, 'Ryze'),
	(452, 'PUBLIC', 'Human Ryze', 1, NULL, 'Ryze'),
	(453, 'PUBLIC', 'Tribal Ryze', 2, NULL, 'Ryze'),
	(454, 'PUBLIC', 'Uncle Ryze', 3, NULL, 'Ryze'),
	(455, 'PUBLIC', 'Triumphant Ryze', 4, NULL, 'Ryze'),
	(456, 'PUBLIC', 'Professor Ryze', 5, NULL, 'Ryze'),
	(457, 'PUBLIC', 'Zombie Ryze', 6, NULL, 'Ryze'),
	(458, 'PUBLIC', 'Dark Crystal Ryze', 7, NULL, 'Ryze'),
	(459, 'PUBLIC', 'Pirate Ryze', 8, NULL, 'Ryze'),
	(460, 'PUBLIC', 'default', 0, NULL, 'Sejuani'),
	(461, 'PUBLIC', 'Sabretusk Sejuani', 1, NULL, 'Sejuani'),
	(462, 'PUBLIC', 'Darkrider Sejuani', 2, NULL, 'Sejuani'),
	(463, 'PUBLIC', 'Traditional Sejuani', 3, NULL, 'Sejuani'),
	(464, 'PUBLIC', 'Bear Cavalry Sejuani', 4, NULL, 'Sejuani'),
	(465, 'PUBLIC', 'default', 0, NULL, 'Shaco'),
	(466, 'PUBLIC', 'Mad Hatter Shaco', 1, NULL, 'Shaco'),
	(467, 'PUBLIC', 'Royal Shaco', 2, NULL, 'Shaco'),
	(468, 'PUBLIC', 'Nutcracko', 3, NULL, 'Shaco'),
	(469, 'PUBLIC', 'Workshop Shaco', 4, NULL, 'Shaco'),
	(470, 'PUBLIC', 'Asylum Shaco', 5, NULL, 'Shaco'),
	(471, 'PUBLIC', 'Masked Shaco', 6, NULL, 'Shaco'),
	(472, 'PUBLIC', 'default', 0, NULL, 'Shen'),
	(473, 'PUBLIC', 'Frozen Shen', 1, NULL, 'Shen'),
	(474, 'PUBLIC', 'Yellow Jacket Shen', 2, NULL, 'Shen'),
	(475, 'PUBLIC', 'Surgeon Shen', 3, NULL, 'Shen'),
	(476, 'PUBLIC', 'Blood Moon Shen', 4, NULL, 'Shen'),
	(477, 'PUBLIC', 'Warlord Shen', 5, NULL, 'Shen'),
	(478, 'PUBLIC', 'TPA Shen', 6, NULL, 'Shen'),
	(479, 'PUBLIC', 'default', 0, NULL, 'Shyvana'),
	(480, 'PUBLIC', 'Ironscale Shyvana', 1, NULL, 'Shyvana'),
	(481, 'PUBLIC', 'Boneclaw Shyvana', 2, NULL, 'Shyvana'),
	(482, 'PUBLIC', 'Darkflame Shyvana', 3, NULL, 'Shyvana'),
	(483, 'PUBLIC', 'Ice Drake Shyvana', 4, NULL, 'Shyvana'),
	(484, 'PUBLIC', 'Championship Shyvana', 5, NULL, 'Shyvana'),
	(485, 'PUBLIC', 'default', 0, NULL, 'Singed'),
	(486, 'PUBLIC', 'Riot Squad Singed', 1, NULL, 'Singed'),
	(487, 'PUBLIC', 'Hextech Singed', 2, NULL, 'Singed'),
	(488, 'PUBLIC', 'Surfer Singed', 3, NULL, 'Singed'),
	(489, 'PUBLIC', 'Mad Scientist Singed', 4, NULL, 'Singed'),
	(490, 'PUBLIC', 'Augmented Singed', 5, NULL, 'Singed'),
	(491, 'PUBLIC', 'Snow Day Singed', 6, NULL, 'Singed'),
	(492, 'PUBLIC', 'default', 0, NULL, 'Sion'),
	(493, 'PUBLIC', 'Hextech Sion', 1, NULL, 'Sion'),
	(494, 'PUBLIC', 'Barbarian Sion', 2, NULL, 'Sion'),
	(495, 'PUBLIC', 'Lumberjack Sion', 3, NULL, 'Sion'),
	(496, 'PUBLIC', 'Warmonger Sion', 4, NULL, 'Sion'),
	(497, 'PUBLIC', 'default', 0, NULL, 'Sivir'),
	(498, 'PUBLIC', 'Warrior Princess Sivir', 1, NULL, 'Sivir'),
	(499, 'PUBLIC', 'Spectacular Sivir', 2, NULL, 'Sivir'),
	(500, 'PUBLIC', 'Huntress Sivir', 3, NULL, 'Sivir'),
	(501, 'PUBLIC', 'Bandit Sivir', 4, NULL, 'Sivir'),
	(502, 'PUBLIC', 'PAX Sivir', 5, NULL, 'Sivir'),
	(503, 'PUBLIC', 'Snowstorm Sivir', 6, NULL, 'Sivir'),
	(504, 'PUBLIC', 'default', 0, NULL, 'Skarner'),
	(505, 'PUBLIC', 'Sandscourge Skarner', 1, NULL, 'Skarner'),
	(506, 'PUBLIC', 'Earthrune Skarner', 2, NULL, 'Skarner'),
	(507, 'PUBLIC', 'Battlecast Alpha Skarner', 3, NULL, 'Skarner'),
	(508, 'PUBLIC', 'default', 0, NULL, 'Sona'),
	(509, 'PUBLIC', 'Muse Sona', 1, NULL, 'Sona'),
	(510, 'PUBLIC', 'Pentakill Sona', 2, NULL, 'Sona'),
	(511, 'PUBLIC', 'Silent Night Sona', 3, NULL, 'Sona'),
	(512, 'PUBLIC', 'Guqin Sona', 4, NULL, 'Sona'),
	(513, 'PUBLIC', 'Arcade Sona', 5, NULL, 'Sona'),
	(514, 'PUBLIC', 'default', 0, NULL, 'Soraka'),
	(515, 'PUBLIC', 'Dryad Soraka', 1, NULL, 'Soraka'),
	(516, 'PUBLIC', 'Divine Soraka', 2, NULL, 'Soraka'),
	(517, 'PUBLIC', 'Celestine Soraka', 3, NULL, 'Soraka'),
	(518, 'PUBLIC', 'Reaper Soraka', 4, NULL, 'Soraka'),
	(519, 'PUBLIC', 'default', 0, NULL, 'Swain'),
	(520, 'PUBLIC', 'Northern Front Swain', 1, NULL, 'Swain'),
	(521, 'PUBLIC', 'Bilgewater Swain', 2, NULL, 'Swain'),
	(522, 'PUBLIC', 'Tyrant Swain', 3, NULL, 'Swain'),
	(523, 'PUBLIC', 'default', 0, NULL, 'Syndra'),
	(524, 'PUBLIC', 'Justicar Syndra', 1, NULL, 'Syndra'),
	(525, 'PUBLIC', 'Atlantean Syndra', 2, NULL, 'Syndra'),
	(526, 'PUBLIC', 'default', 0, NULL, 'Talon'),
	(527, 'PUBLIC', 'Renegade Talon', 1, NULL, 'Talon'),
	(528, 'PUBLIC', 'Crimson Elite Talon', 2, NULL, 'Talon'),
	(529, 'PUBLIC', 'Dragonblade Talon', 3, NULL, 'Talon'),
	(530, 'PUBLIC', 'default', 0, NULL, 'Taric'),
	(531, 'PUBLIC', 'Emerald Taric', 1, NULL, 'Taric'),
	(532, 'PUBLIC', 'Armor of the Fifth Age Taric', 2, NULL, 'Taric'),
	(533, 'PUBLIC', 'Bloodstone Taric', 3, NULL, 'Taric'),
	(534, 'PUBLIC', 'default', 0, NULL, 'Teemo'),
	(535, 'PUBLIC', 'Happy Elf Teemo', 1, NULL, 'Teemo'),
	(536, 'PUBLIC', 'Recon Teemo', 2, NULL, 'Teemo'),
	(537, 'PUBLIC', 'Badger Teemo', 3, NULL, 'Teemo'),
	(538, 'PUBLIC', 'Astronaut Teemo', 4, NULL, 'Teemo'),
	(539, 'PUBLIC', 'Cottontail Teemo', 5, NULL, 'Teemo'),
	(540, 'PUBLIC', 'Super Teemo', 6, NULL, 'Teemo'),
	(541, 'PUBLIC', 'Panda Teemo', 7, NULL, 'Teemo'),
	(542, 'PUBLIC', 'default', 0, NULL, 'Thresh'),
	(543, 'PUBLIC', 'Deep Terror Thresh', 1, NULL, 'Thresh'),
	(544, 'PUBLIC', 'Championship Thresh', 2, NULL, 'Thresh'),
	(545, 'PUBLIC', 'default', 0, NULL, 'Tristana'),
	(546, 'PUBLIC', 'Riot Girl Tristana', 1, NULL, 'Tristana'),
	(547, 'PUBLIC', 'Earnest Elf Tristana', 2, NULL, 'Tristana'),
	(548, 'PUBLIC', 'Firefighter Tristana', 3, NULL, 'Tristana'),
	(549, 'PUBLIC', 'Guerilla Tristana', 4, NULL, 'Tristana'),
	(550, 'PUBLIC', 'Buccaneer Tristana', 5, NULL, 'Tristana'),
	(551, 'PUBLIC', 'Rocket Girl Tristana', 6, NULL, 'Tristana'),
	(552, 'PUBLIC', 'default', 0, NULL, 'Trundle'),
	(553, 'PUBLIC', 'Lil\' Slugger Trundle', 1, NULL, 'Trundle'),
	(554, 'PUBLIC', 'Junkyard Trundle', 2, NULL, 'Trundle'),
	(555, 'PUBLIC', 'Traditional Trundle', 3, NULL, 'Trundle'),
	(556, 'PUBLIC', 'default', 0, NULL, 'Tryndamere'),
	(557, 'PUBLIC', 'Highland Tryndamere', 1, NULL, 'Tryndamere'),
	(558, 'PUBLIC', 'King Tryndamere', 2, NULL, 'Tryndamere'),
	(559, 'PUBLIC', 'Viking Tryndamere', 3, NULL, 'Tryndamere'),
	(560, 'PUBLIC', 'Demonblade Tryndamere', 4, NULL, 'Tryndamere'),
	(561, 'PUBLIC', 'Sultan Tryndamere', 5, NULL, 'Tryndamere'),
	(562, 'PUBLIC', 'Warring Kingdoms Tryndamere', 6, NULL, 'Tryndamere'),
	(563, 'PUBLIC', 'default', 0, NULL, 'TwistedFate'),
	(564, 'PUBLIC', 'PAX Twisted Fate', 1, NULL, 'TwistedFate'),
	(565, 'PUBLIC', 'Jack of Hearts Twisted Fate', 2, NULL, 'TwistedFate'),
	(566, 'PUBLIC', 'The Magnificent Twisted Fate', 3, NULL, 'TwistedFate'),
	(567, 'PUBLIC', 'Tango Twisted Fate', 4, NULL, 'TwistedFate'),
	(568, 'PUBLIC', 'High Noon Twisted Fate', 5, NULL, 'TwistedFate'),
	(569, 'PUBLIC', 'Musketeer Twisted Fate', 6, NULL, 'TwistedFate'),
	(570, 'PUBLIC', 'Underworld Twisted Fate', 7, NULL, 'TwistedFate'),
	(571, 'PUBLIC', 'Red Card Twisted Fate', 8, NULL, 'TwistedFate'),
	(572, 'PUBLIC', 'default', 0, NULL, 'Twitch'),
	(573, 'PUBLIC', 'Kingpin Twitch', 1, NULL, 'Twitch'),
	(574, 'PUBLIC', 'Whistler Village Twitch', 2, NULL, 'Twitch'),
	(575, 'PUBLIC', 'Medieval Twitch', 3, NULL, 'Twitch'),
	(576, 'PUBLIC', 'Gangster Twitch', 4, NULL, 'Twitch'),
	(577, 'PUBLIC', 'Vandal Twitch', 5, NULL, 'Twitch'),
	(578, 'PUBLIC', 'default', 0, NULL, 'Udyr'),
	(579, 'PUBLIC', 'Black Belt Udyr', 1, NULL, 'Udyr'),
	(580, 'PUBLIC', 'Primal Udyr', 2, NULL, 'Udyr'),
	(581, 'PUBLIC', 'Spirit Guard Udyr', 3, NULL, 'Udyr'),
	(582, 'PUBLIC', 'default', 0, NULL, 'Urgot'),
	(583, 'PUBLIC', 'Giant Enemy Crabgot', 1, NULL, 'Urgot'),
	(584, 'PUBLIC', 'Butcher Urgot', 2, NULL, 'Urgot'),
	(585, 'PUBLIC', 'Battlecast Urgot', 3, NULL, 'Urgot'),
	(586, 'PUBLIC', 'default', 0, NULL, 'Varus'),
	(587, 'PUBLIC', 'Blight Crystal Varus', 1, NULL, 'Varus'),
	(588, 'PUBLIC', 'Arclight Varus', 2, NULL, 'Varus'),
	(589, 'PUBLIC', 'Arctic Ops Varus', 3, NULL, 'Varus'),
	(590, 'PUBLIC', 'default', 0, NULL, 'Vayne'),
	(591, 'PUBLIC', 'Vindicator Vayne', 1, NULL, 'Vayne'),
	(592, 'PUBLIC', 'Aristocrat Vayne', 2, NULL, 'Vayne'),
	(593, 'PUBLIC', 'Dragonslayer Vayne', 3, NULL, 'Vayne'),
	(594, 'PUBLIC', 'Heartseeker Vayne', 4, NULL, 'Vayne'),
	(595, 'PUBLIC', 'SKT T1 Vayne', 5, NULL, 'Vayne'),
	(596, 'PUBLIC', 'default', 0, NULL, 'Veigar'),
	(597, 'PUBLIC', 'White Mage Veigar', 1, NULL, 'Veigar'),
	(598, 'PUBLIC', 'Curling Veigar', 2, NULL, 'Veigar'),
	(599, 'PUBLIC', 'Veigar Greybeard', 3, NULL, 'Veigar'),
	(600, 'PUBLIC', 'Leprechaun Veigar', 4, NULL, 'Veigar'),
	(601, 'PUBLIC', 'Baron Von Veigar', 5, NULL, 'Veigar'),
	(602, 'PUBLIC', 'Superb Villain Veigar', 6, NULL, 'Veigar'),
	(603, 'PUBLIC', 'Bad Santa Veigar', 7, NULL, 'Veigar'),
	(604, 'PUBLIC', 'Final Boss Veigar', 8, NULL, 'Veigar'),
	(605, 'PUBLIC', 'default', 0, NULL, 'Velkoz'),
	(606, 'PUBLIC', 'Battlecast Vel\'Koz', 1, NULL, 'Velkoz'),
	(607, 'PUBLIC', 'default', 0, NULL, 'Vi'),
	(608, 'PUBLIC', 'Neon Strike Vi', 1, NULL, 'Vi'),
	(609, 'PUBLIC', 'Officer Vi', 2, NULL, 'Vi'),
	(610, 'PUBLIC', 'Debonair Vi', 3, NULL, 'Vi'),
	(611, 'PUBLIC', 'default', 0, NULL, 'Viktor'),
	(612, 'PUBLIC', 'Full Machine Viktor', 1, NULL, 'Viktor'),
	(613, 'PUBLIC', 'Prototype Viktor', 2, NULL, 'Viktor'),
	(614, 'PUBLIC', 'Creator Viktor', 3, NULL, 'Viktor'),
	(615, 'PUBLIC', 'default', 0, NULL, 'Vladimir'),
	(616, 'PUBLIC', 'Count Vladimir', 1, NULL, 'Vladimir'),
	(617, 'PUBLIC', 'Marquis Vladimir', 2, NULL, 'Vladimir'),
	(618, 'PUBLIC', 'Nosferatu Vladimir', 3, NULL, 'Vladimir'),
	(619, 'PUBLIC', 'Vandal Vladimir', 4, NULL, 'Vladimir'),
	(620, 'PUBLIC', 'Blood Lord Vladimir', 5, NULL, 'Vladimir'),
	(621, 'PUBLIC', 'Soulstealer Vladimir', 6, NULL, 'Vladimir'),
	(622, 'PUBLIC', 'default', 0, NULL, 'Volibear'),
	(623, 'PUBLIC', 'Thunder Lord Volibear', 1, NULL, 'Volibear'),
	(624, 'PUBLIC', 'Northern Storm Volibear', 2, NULL, 'Volibear'),
	(625, 'PUBLIC', 'Runeguard Volibear', 3, NULL, 'Volibear'),
	(626, 'PUBLIC', 'default', 0, NULL, 'Warwick'),
	(627, 'PUBLIC', 'Grey Warwick', 1, NULL, 'Warwick'),
	(628, 'PUBLIC', 'Urf the Manatee', 2, NULL, 'Warwick'),
	(629, 'PUBLIC', 'Big Bad Warwick', 3, NULL, 'Warwick'),
	(630, 'PUBLIC', 'Tundra Hunter Warwick', 4, NULL, 'Warwick'),
	(631, 'PUBLIC', 'Feral Warwick', 5, NULL, 'Warwick'),
	(632, 'PUBLIC', 'Firefang Warwick', 6, NULL, 'Warwick'),
	(633, 'PUBLIC', 'Hyena Warwick', 7, NULL, 'Warwick'),
	(634, 'PUBLIC', 'default', 0, NULL, 'Xerath'),
	(635, 'PUBLIC', 'Runeborn Xerath', 1, NULL, 'Xerath'),
	(636, 'PUBLIC', 'Battlecast Xerath', 2, NULL, 'Xerath'),
	(637, 'PUBLIC', 'Scorched Earth Xerath', 3, NULL, 'Xerath'),
	(638, 'PUBLIC', 'default', 0, NULL, 'XinZhao'),
	(639, 'PUBLIC', 'Commando Xin Zhao', 1, NULL, 'XinZhao'),
	(640, 'PUBLIC', 'Imperial Xin Zhao', 2, NULL, 'XinZhao'),
	(641, 'PUBLIC', 'Viscero Xin Zhao', 3, NULL, 'XinZhao'),
	(642, 'PUBLIC', 'Winged Hussar Xin Zhao', 4, NULL, 'XinZhao'),
	(643, 'PUBLIC', 'Warring Kingdoms Xin Zhao', 5, NULL, 'XinZhao'),
	(644, 'PUBLIC', 'default', 0, NULL, 'Yasuo'),
	(645, 'PUBLIC', 'High Noon Yasuo', 1, NULL, 'Yasuo'),
	(646, 'PUBLIC', 'PROJECT: Yasuo', 2, NULL, 'Yasuo'),
	(647, 'PUBLIC', 'default', 0, NULL, 'Yorick'),
	(648, 'PUBLIC', 'Undertaker Yorick', 1, NULL, 'Yorick'),
	(649, 'PUBLIC', 'Pentakill Yorick', 2, NULL, 'Yorick'),
	(650, 'PUBLIC', 'default', 0, NULL, 'Zac'),
	(651, 'PUBLIC', 'Special Weapon Zac', 1, NULL, 'Zac'),
	(652, 'PUBLIC', 'default', 0, NULL, 'Zed'),
	(653, 'PUBLIC', 'Shockblade Zed', 1, NULL, 'Zed'),
	(654, 'PUBLIC', 'SKT T1 Zed', 2, NULL, 'Zed'),
	(655, 'PUBLIC', 'default', 0, NULL, 'Ziggs'),
	(656, 'PUBLIC', 'Mad Scientist Ziggs', 1, NULL, 'Ziggs'),
	(657, 'PUBLIC', 'Major Ziggs', 2, NULL, 'Ziggs'),
	(658, 'PUBLIC', 'Pool Party Ziggs', 3, NULL, 'Ziggs'),
	(659, 'PUBLIC', 'Snow Day Ziggs', 4, NULL, 'Ziggs'),
	(660, 'PUBLIC', 'default', 0, NULL, 'Zilean'),
	(661, 'PUBLIC', 'Old Saint Zilean', 1, NULL, 'Zilean'),
	(662, 'PUBLIC', 'Groovy Zilean', 2, NULL, 'Zilean'),
	(663, 'PUBLIC', 'Shurima Desert Zilean', 3, NULL, 'Zilean'),
	(664, 'PUBLIC', 'Time Machine Zilean', 4, NULL, 'Zilean'),
	(665, 'PUBLIC', 'default', 0, NULL, 'Zyra'),
	(666, 'PUBLIC', 'Wildfire Zyra', 1, NULL, 'Zyra'),
	(667, 'PUBLIC', 'Haunted Zyra', 2, NULL, 'Zyra'),
	(668, 'PUBLIC', 'SKT T1 Zyra', 3, NULL, 'Zyra');
/*!40000 ALTER TABLE `skin` ENABLE KEYS */;

-- Dumping structure for table los.spell
CREATE TABLE IF NOT EXISTS `spell` (
  `id` text DEFAULT NULL,
  `display_name` text DEFAULT NULL,
  `champion_id` text DEFAULT NULL
) ENGINE=InnoDB DEFAULT CHARSET=utf8mb3;

-- Dumping data for table los.spell: ~488 rows (approximately)
/*!40000 ALTER TABLE `spell` DISABLE KEYS */;
INSERT INTO `spell` (`id`, `display_name`, `champion_id`) VALUES
	('AatroxE', 'Blades of Torment', 'Aatrox'),
	('AatroxQ', 'Dark Flight', 'Aatrox'),
	('AatroxR', 'Massacre', 'Aatrox'),
	('AatroxW', 'Blood Thirst / Blood Price', 'Aatrox'),
	('AbsoluteZero', 'Absolute Zero', 'Nunu'),
	('AhriFoxFire', 'Fox-Fire', 'Ahri'),
	('AhriOrbofDeception', 'Orb of Deception', 'Ahri'),
	('AhriSeduce', 'Charm', 'Ahri'),
	('AhriTumble', 'Spirit Rush', 'Ahri'),
	('AkaliMota', 'Mark of the Assassin', 'Akali'),
	('AkaliShadowDance', 'Shadow Dance', 'Akali'),
	('AkaliShadowSwipe', 'Crescent Slash', 'Akali'),
	('AkaliSmokeBomb', 'Twilight Shroud', 'Akali'),
	('AlphaStrike', 'Alpha Strike', 'MasterYi'),
	('AlZaharCalloftheVoid', 'Call of the Void', 'Malzahar'),
	('AlZaharMaleficVisions', 'Malefic Visions', 'Malzahar'),
	('AlZaharNetherGrasp', 'Nether Grasp', 'Malzahar'),
	('AlZaharNullZone', 'Null Zone', 'Malzahar'),
	('AsheSpiritOfTheHawk', 'Hawkshot', 'Ashe'),
	('AspectOfTheCougar', 'Aspect Of The Cougar', 'Nidalee'),
	('AstralBlessing', 'Astral Blessing', 'Soraka'),
	('AuraofDespair', 'Despair', 'Amumu'),
	('AzirE', 'Shifting Sands', 'Azir'),
	('AzirQ', 'Conquering Sands', 'Azir'),
	('AzirR', 'Emperor\'s Divide', 'Azir'),
	('AzirW', 'Arise!', 'Azir'),
	('BandageToss', 'Bandage Toss', 'Amumu'),
	('BantamTrap', 'Noxious Trap', 'Teemo'),
	('BlackShield', 'Black Shield', 'Morgana'),
	('BlindingDart', 'Blinding Dart', 'Teemo'),
	('BlindMonkEOne', 'Tempest / Cripple', 'LeeSin'),
	('BlindMonkQOne', 'Sonic Wave / Resonating Strike', 'LeeSin'),
	('BlindMonkRKick', 'Dragon\'s Rage', 'LeeSin'),
	('BlindMonkWOne', 'Safeguard / Iron Will', 'LeeSin'),
	('BloodBoil', 'Blood Boil', 'Nunu'),
	('Bloodlust', 'Bloodlust', 'Tryndamere'),
	('BloodScent', 'Blood Scent', 'Warwick'),
	('BrandBlaze', 'Sear', 'Brand'),
	('BrandConflagration', 'Conflagration', 'Brand'),
	('BrandFissure', 'Pillar of Flame', 'Brand'),
	('BrandWildfire', 'Pyroclasm', 'Brand'),
	('BraumE', 'Unbreakable', 'Braum'),
	('BraumQ', 'Winter\'s Bite', 'Braum'),
	('BraumRWrapper', 'Glacial Fissure', 'Braum'),
	('BraumW', 'Stand Behind Me', 'Braum'),
	('BurningAgony', 'Burning Agony', 'DrMundo'),
	('Bushwhack', 'Bushwhack / Pounce', 'Nidalee'),
	('BusterShot', 'Buster Shot', 'Tristana'),
	('CaitlynAceintheHole', 'Ace in the Hole', 'Caitlyn'),
	('CaitlynEntrapment', '90 Caliber Net', 'Caitlyn'),
	('CaitlynPiltoverPeacemaker', 'Piltover Peacemaker', 'Caitlyn'),
	('CaitlynYordleTrap', 'Yordle Snap Trap', 'Caitlyn'),
	('Cannibalism', 'Cannibalism', 'Sion'),
	('CannonBarrage', 'Cannon Barrage', 'Gangplank'),
	('CardmasterStack', 'Stacked Deck', 'TwistedFate'),
	('CarpetBomb', 'Valkyrie', 'Corki'),
	('CassiopeiaMiasma', 'Miasma', 'Cassiopeia'),
	('CassiopeiaNoxiousBlast', 'Noxious Blast', 'Cassiopeia'),
	('CassiopeiaPetrifyingGaze', 'Petrifying Gaze', 'Cassiopeia'),
	('CassiopeiaTwinFang', 'Twin Fang', 'Cassiopeia'),
	('ChronoShift', 'Chronoshift', 'Zilean'),
	('Consume', 'Consume', 'Nunu'),
	('Crowstorm', 'Crowstorm', 'FiddleSticks'),
	('CrypticGaze', 'Cryptic Gaze', 'Sion'),
	('Crystallize', 'Crystallize', 'Anivia'),
	('CurseoftheSadMummy', 'Curse of the Sad Mummy', 'Amumu'),
	('DariusAxeGrabCone', 'Apprehend', 'Darius'),
	('DariusCleave', 'Decimate', 'Darius'),
	('DariusExecute', 'Noxian Guillotine', 'Darius'),
	('DariusNoxianTacticsONH', 'Crippling Strike', 'Darius'),
	('DarkBindingMissile', 'Dark Binding', 'Morgana'),
	('Dazzle', 'Dazzle', 'Taric'),
	('DeathsCaressFull', 'Death\'s Caress', 'Sion'),
	('Deceive', 'Deceive', 'Shaco'),
	('DefensiveBallCurl', 'Defensive Ball Curl', 'Rammus'),
	('Defile', 'Defile', 'Karthus'),
	('DesperatePower', 'Desperate Power', 'Ryze'),
	('Destiny', 'Destiny', 'TwistedFate'),
	('DetonatingShot', 'Explosive Shot', 'Tristana'),
	('DianaArc', 'Crescent Strike', 'Diana'),
	('DianaOrbs', 'Pale Cascade', 'Diana'),
	('DianaTeleport', 'Lunar Rush', 'Diana'),
	('DianaVortex', 'Moonfall', 'Diana'),
	('Disintegrate', 'Disintegrate', 'Annie'),
	('Drain', 'Drain', 'FiddleSticks'),
	('DravenDoubleShot', 'Stand Aside', 'Draven'),
	('DravenFury', 'Blood Rush', 'Draven'),
	('DravenRCast', 'Whirling Death', 'Draven'),
	('DravenSpinning', 'Spinning Axe', 'Draven'),
	('EliseHumanE', 'Cocoon / Rappel', 'Elise'),
	('EliseHumanQ', 'Neurotoxin / Venomous Bite', 'Elise'),
	('EliseHumanW', 'Volatile Spiderling / Skittering Frenzy', 'Elise'),
	('EliseR', 'Spider Form', 'Elise'),
	('EnchantedCrystalArrow', 'Enchanted Crystal Arrow', 'Ashe'),
	('Enrage', 'Enrage', 'Sion'),
	('EvelynnE', 'Ravage', 'Evelynn'),
	('EvelynnQ', 'Hate Spike', 'Evelynn'),
	('EvelynnR', 'Agony\'s Embrace', 'Evelynn'),
	('EvelynnW', 'Dark Frenzy', 'Evelynn'),
	('Expunge', 'Expunge', 'Twitch'),
	('EyeOfTheStorm', 'Eye Of The Storm', 'Janna'),
	('EzrealArcaneShift', 'Arcane Shift', 'Ezreal'),
	('EzrealEssenceFlux', 'Essence Flux', 'Ezreal'),
	('EzrealMysticShot', 'Mystic Shot', 'Ezreal'),
	('EzrealTrueshotBarrage', 'Trueshot Barrage', 'Ezreal'),
	('FallenOne', 'Requiem', 'Karthus'),
	('Feast', 'Feast', 'Chogath'),
	('FeralScream', 'Feral Scream', 'Chogath'),
	('FerociousHowl', 'Unbreakable Will', 'Alistar'),
	('FiddlesticksDarkWind', 'Dark Wind', 'FiddleSticks'),
	('FioraDance', 'Blade Waltz', 'Fiora'),
	('FioraFlurry', 'Burst of Speed', 'Fiora'),
	('FioraQ', 'Lunge', 'Fiora'),
	('FioraRiposte', 'Riposte', 'Fiora'),
	('FizzJump', 'Playful / Trickster', 'Fizz'),
	('FizzMarinerDoom', 'Chum the Waters', 'Fizz'),
	('FizzPiercingStrike', 'Urchin Strike', 'Fizz'),
	('FizzSeastonePassive', 'Seastone Trident', 'Fizz'),
	('FlashFrost', 'Flash Frost', 'Anivia'),
	('Fling', 'Fling', 'Singed'),
	('ForcePulse', 'Force Pulse', 'Kassadin'),
	('Frostbite', 'Frostbite', 'Anivia'),
	('FrostShot', 'Frost Shot', 'Ashe'),
	('FullAutomatic', 'Spray and Pray', 'Twitch'),
	('GalioBulwark', 'Bulwark', 'Galio'),
	('GalioIdolOfDurand', 'Idol of Durand', 'Galio'),
	('GalioResoluteSmite', 'Resolute Smite', 'Galio'),
	('GalioRighteousGust', 'Righteous Gust', 'Galio'),
	('GarenE', 'Judgment', 'Garen'),
	('GarenQ', 'Decisive Strike', 'Garen'),
	('GarenR', 'Demacian Justice', 'Garen'),
	('GarenW', 'Courage', 'Garen'),
	('GGun', 'Gatling Gun', 'Corki'),
	('GlacialStorm', 'Glacial Storm', 'Anivia'),
	('GnarE', 'Hop / Crunch', 'Gnar'),
	('GnarQ', 'Boomerang Throw / Boulder Toss', 'Gnar'),
	('GnarR', 'GNAR!', 'Gnar'),
	('GnarW', 'Hyper / Wallop', 'Gnar'),
	('GragasBarrelRoll', 'Barrel Roll', 'Gragas'),
	('GragasBodySlam', 'Body Slam', 'Gragas'),
	('GragasDrunkenRage', 'Drunken Rage', 'Gragas'),
	('GragasExplosiveCask', 'Explosive Cask', 'Gragas'),
	('GravesChargeShot', 'Collateral Damage', 'Graves'),
	('GravesClusterShot', 'Buckshot', 'Graves'),
	('GravesMove', 'Quickdraw', 'Graves'),
	('GravesSmokeGrenade', 'Smoke Screen', 'Graves'),
	('HallucinateFull', 'Hallucinate', 'Shaco'),
	('Headbutt', 'Headbutt', 'Alistar'),
	('HecarimRamp', 'Devastating Charge', 'Hecarim'),
	('HecarimRapidSlash', 'Rampage', 'Hecarim'),
	('HecarimUlt', 'Onslaught of Shadows', 'Hecarim'),
	('HecarimW', 'Spirit of Dread', 'Hecarim'),
	('HeimerdingerE', 'CH-2 Electron Storm Grenade', 'Heimerdinger'),
	('HeimerdingerQ', 'H-28G Evolution Turret', 'Heimerdinger'),
	('HeimerdingerR', 'UPGRADE!!!', 'Heimerdinger'),
	('HeimerdingerW', 'Hextech Micro-Rockets', 'Heimerdinger'),
	('HideInShadows', 'Ambush', 'Twitch'),
	('Highlander', 'Highlander', 'MasterYi'),
	('HowlingGale', 'Howling Gale', 'Janna'),
	('HungeringStrike', 'Hungering Strike', 'Warwick'),
	('HuntersCall', 'Hunters Call', 'Warwick'),
	('IceBlast', 'Ice Blast', 'Nunu'),
	('Imbue', 'Imbue', 'Taric'),
	('Incinerate', 'Incinerate', 'Annie'),
	('InfectedCleaverMissileCast', 'Infected Cleaver', 'DrMundo'),
	('InfernalGuardian', 'Summon: Tibbers', 'Annie'),
	('InfiniteDuress', 'Infinite Duress', 'Warwick'),
	('InfuseWrapper', 'Infuse', 'Soraka'),
	('InsanityPotion', 'Insanity Potion', 'Singed'),
	('IreliaEquilibriumStrike', 'Equilibrium Strike', 'Irelia'),
	('IreliaGatotsu', 'Bladesurge', 'Irelia'),
	('IreliaHitenStyle', 'Hiten Style', 'Irelia'),
	('IreliaTranscendentBlades', 'Transcendent Blades', 'Irelia'),
	('JackInTheBox', 'Jack In The Box', 'Shaco'),
	('JarvanIVCataclysm', 'Cataclysm', 'JarvanIV'),
	('JarvanIVDemacianStandard', 'Demacian Standard', 'JarvanIV'),
	('JarvanIVDragonStrike', 'Dragon Strike', 'JarvanIV'),
	('JarvanIVGoldenAegis', 'Golden Aegis', 'JarvanIV'),
	('JavelinToss', 'Javelin Toss / Takedown', 'Nidalee'),
	('JaxCounterStrike', 'Counter Strike', 'Jax'),
	('JaxEmpowerTwo', 'Empower', 'Jax'),
	('JaxLeapStrike', 'Leap Strike', 'Jax'),
	('JaxRelentlessAssault', 'Grandmaster\'s Might', 'Jax'),
	('JayceStanceHtG', 'Mercury Cannon / Mercury Hammer', 'Jayce'),
	('JayceStaticField', 'Lightning Field / Hyper Charge', 'Jayce'),
	('JayceThunderingBlow', 'Thundering Blow / Acceleration Gate', 'Jayce'),
	('JayceToTheSkies', 'To the Skies! / Shock Blast', 'Jayce'),
	('JinxE', 'Flame Chompers!', 'Jinx'),
	('JinxQ', 'Switcheroo!', 'Jinx'),
	('JinxRWrapper', 'Super Mega Death Rocket!', 'Jinx'),
	('JinxW', 'Zap!', 'Jinx'),
	('JudicatorDivineBlessing', 'Divine Blessing', 'Kayle'),
	('JudicatorIntervention', 'Intervention', 'Kayle'),
	('JudicatorReckoning', 'Reckoning', 'Kayle'),
	('JudicatorRighteousFury', 'Righteous Fury', 'Kayle'),
	('KalistaExpungeWrapper', 'Rend', 'Kalista'),
	('KalistaMysticShot', 'Pierce', 'Kalista'),
	('KalistaRx', 'Fate\'s Call', 'Kalista'),
	('KalistaW', 'Sentinel', 'Kalista'),
	('KarmaMantra', 'Mantra', 'Karma'),
	('KarmaQ', 'Inner Flame', 'Karma'),
	('KarmaSolKimShield', 'Inspire', 'Karma'),
	('KarmaSpiritBind', 'Focused Resolve', 'Karma'),
	('KatarinaE', 'Shunpo', 'Katarina'),
	('KatarinaQ', 'Bouncing Blades', 'Katarina'),
	('KatarinaR', 'Death Lotus', 'Katarina'),
	('KatarinaW', 'Sinister Steel', 'Katarina'),
	('KennenBringTheLight', 'Electrical Surge', 'Kennen'),
	('KennenLightningRush', 'Lightning Rush', 'Kennen'),
	('KennenShurikenHurlMissile1', 'Thundering Shuriken', 'Kennen'),
	('KennenShurikenStorm', 'Slicing Maelstrom', 'Kennen'),
	('KhazixE', 'Leap', 'Khazix'),
	('KhazixQ', 'Taste Their Fear', 'Khazix'),
	('KhazixR', 'Void Assault', 'Khazix'),
	('KhazixW', 'Void Spike', 'Khazix'),
	('KogMawBioArcaneBarrage', 'Bio-Arcane Barrage', 'KogMaw'),
	('KogMawCausticSpittle', 'Caustic Spittle', 'KogMaw'),
	('KogMawLivingArtillery', 'Living Artillery', 'KogMaw'),
	('KogMawVoidOoze', 'Void Ooze', 'KogMaw'),
	('Landslide', 'Ground Slam', 'Malphite'),
	('LayWaste', 'Lay Waste', 'Karthus'),
	('LeblancChaosOrb', 'Sigil of Silence', 'Leblanc'),
	('LeblancMimic', 'Mimic', 'Leblanc'),
	('LeblancSlide', 'Distortion', 'Leblanc'),
	('LeblancSoulShackle', 'Ethereal Chains', 'Leblanc'),
	('LeonaShieldOfDaybreak', 'Shield of Daybreak', 'Leona'),
	('LeonaSolarBarrier', 'Eclipse', 'Leona'),
	('LeonaSolarFlare', 'Solar Flare', 'Leona'),
	('LeonaZenithBlade', 'Zenith Blade', 'Leona'),
	('LissandraE', 'Glacial Path', 'Lissandra'),
	('LissandraQ', 'Ice Shard', 'Lissandra'),
	('LissandraR', 'Frozen Tomb', 'Lissandra'),
	('LissandraW', 'Ring of Frost', 'Lissandra'),
	('LucianE', 'The Culling', 'Lucian'),
	('LucianQ', 'Piercing Light', 'Lucian'),
	('LucianR', 'The Culling', 'Lucian'),
	('LucianW', 'Ardent Blaze', 'Lucian'),
	('LuluE', 'Help, Pix!', 'Lulu'),
	('LuluQ', 'Glitterlance', 'Lulu'),
	('LuluR', 'Wild Growth', 'Lulu'),
	('LuluW', 'Whimsy', 'Lulu'),
	('LuxLightBinding', 'Light Binding', 'Lux'),
	('LuxLightStrikeKugel', 'Lucent Singularity', 'Lux'),
	('LuxMaliceCannon', 'Final Spark', 'Lux'),
	('LuxPrismaticWave', 'Prismatic Barrier', 'Lux'),
	('MaokaiDrain3', 'Vengeful Maelstrom', 'Maokai'),
	('MaokaiSapling2', 'Sapling Toss', 'Maokai'),
	('MaokaiTrunkLine', 'Arcane Smash', 'Maokai'),
	('MaokaiUnstableGrowth', 'Twisted Advance', 'Maokai'),
	('Masochism', 'Masochism', 'DrMundo'),
	('Meditate', 'Meditate', 'MasterYi'),
	('MegaAdhesive', 'Mega Adhesive', 'Singed'),
	('MissFortuneBulletTime', 'Bullet Time', 'MissFortune'),
	('MissFortuneRicochetShot', 'Double Up', 'MissFortune'),
	('MissFortuneScattershot', 'Make It Rain', 'MissFortune'),
	('MissFortuneViciousStrikes', 'Impure Shots', 'MissFortune'),
	('MissileBarrage', 'Missile Barrage', 'Corki'),
	('MockingShout', 'Mocking Shout', 'Tryndamere'),
	('MoltenShield', 'Molten Shield', 'Annie'),
	('MonkeyKingDecoy', 'Decoy', 'MonkeyKing'),
	('MonkeyKingDoubleAttack', 'Crushing Blow', 'MonkeyKing'),
	('MonkeyKingNimbus', 'Nimbus Strike', 'MonkeyKing'),
	('MonkeyKingSpinToWin', 'Cyclone', 'MonkeyKing'),
	('MordekaiserChildrenOfTheGrave', 'Children of the Grave', 'Mordekaiser'),
	('MordekaiserCreepingDeathCast', 'Creeping Death', 'Mordekaiser'),
	('MordekaiserMaceOfSpades', 'Mace of Spades', 'Mordekaiser'),
	('MordekaiserSyphonOfDestruction', 'Siphon of Destruction', 'Mordekaiser'),
	('MoveQuick', 'Move Quick', 'Teemo'),
	('NamiE', 'Tidecaller\'s Blessing', 'Nami'),
	('NamiQ', 'Aqua Prison', 'Nami'),
	('NamiR', 'Tidal Wave', 'Nami'),
	('NamiW', 'Ebb and Flow', 'Nami'),
	('NasusE', 'Spirit Fire', 'Nasus'),
	('NasusQ', 'Siphoning Strike', 'Nasus'),
	('NasusR', 'Fury of the Sands', 'Nasus'),
	('NasusW', 'Wither', 'Nasus'),
	('NautilusAnchorDrag', 'Dredge Line', 'Nautilus'),
	('NautilusGrandLine', 'Depth Charge', 'Nautilus'),
	('NautilusPiercingGaze', 'Titan\'s Wrath', 'Nautilus'),
	('NautilusSplashZone', 'Riptide', 'Nautilus'),
	('NetherBlade', 'Nether Blade', 'Kassadin'),
	('NocturneDuskbringer', 'Duskbringer', 'Nocturne'),
	('NocturneParanoia', 'Paranoia', 'Nocturne'),
	('NocturneShroudofDarkness', 'Shroud of Darkness', 'Nocturne'),
	('NocturneUnspeakableHorror', 'Unspeakable Horror', 'Nocturne'),
	('NullLance', 'Null Sphere', 'Kassadin'),
	('Obduracy', 'Brutal Strikes', 'Malphite'),
	('OlafAxeThrowCast', 'Undertow', 'Olaf'),
	('OlafFrenziedStrikes', 'Vicious Strikes', 'Olaf'),
	('OlafRagnarok', 'Ragnarok', 'Olaf'),
	('OlafRecklessStrike', 'Reckless Swing', 'Olaf'),
	('OrianaDetonateCommand', 'Command: Shockwave', 'Orianna'),
	('OrianaDissonanceCommand', 'Command: Dissonance', 'Orianna'),
	('OrianaIzunaCommand', 'Command: Attack', 'Orianna'),
	('OrianaRedactCommand', 'Command: Protect', 'Orianna'),
	('Overdrive', 'Overdrive', 'Blitzcrank'),
	('Overload', 'Overload', 'Ryze'),
	('Pantheon_GrandSkyfall_Jump', 'Grand Skyfall', 'Pantheon'),
	('Pantheon_Heartseeker', 'Heartseeker Strike', 'Pantheon'),
	('Pantheon_LeapBash', 'Aegis of Zeonia', 'Pantheon'),
	('Pantheon_Throw', 'Spear Shot', 'Pantheon'),
	('Parley', 'Parrrley', 'Gangplank'),
	('PhosphorusBomb', 'Phosphorus Bomb', 'Corki'),
	('PickACard', 'Pick A Card', 'TwistedFate'),
	('PoisonTrail', 'Poison Trail', 'Singed'),
	('PoppyDevastatingBlow', 'Devastating Blow', 'Poppy'),
	('PoppyDiplomaticImmunity', 'Diplomatic Immunity', 'Poppy'),
	('PoppyHeroicCharge', 'Heroic Charge', 'Poppy'),
	('PoppyParagonOfDemacia', 'Paragon of Demacia', 'Poppy'),
	('PowerBall', 'Powerball', 'Rammus'),
	('PowerFist', 'Power Fist', 'Blitzcrank'),
	('PrimalSurge', 'Primal Surge / Swipe', 'Nidalee'),
	('Pulverize', 'Pulverize', 'Alistar'),
	('PuncturingTaunt', 'Puncturing Taunt', 'Rammus'),
	('QuinnE', 'Vault', 'Quinn'),
	('QuinnQ', 'Blinding Assault', 'Quinn'),
	('QuinnR', 'Tag Team', 'Quinn'),
	('QuinnW', 'Heightened Senses', 'Quinn'),
	('RaiseMorale', 'Raise Morale', 'Gangplank'),
	('RapidFire', 'Rapid Fire', 'Tristana'),
	('ReapTheWhirlwind', 'Monsoon', 'Janna'),
	('RemoveScurvy', 'Remove Scurvy', 'Gangplank'),
	('RenektonCleave', 'Cull the Meek', 'Renekton'),
	('RenektonPreExecute', 'Ruthless Predator', 'Renekton'),
	('RenektonReignOfTheTyrant', 'Dominus', 'Renekton'),
	('RenektonSliceAndDice', 'Slice and Dice', 'Renekton'),
	('RengarE', 'Bola Strike', 'Rengar'),
	('RengarQ', 'Savagery', 'Rengar'),
	('RengarR', 'Thrill of the Hunt', 'Rengar'),
	('RengarW', 'Battle Roar', 'Rengar'),
	('Rewind', 'Rewind', 'Zilean'),
	('RiftWalk', 'Riftwalk', 'Kassadin'),
	('RivenFeint', 'Valor', 'Riven'),
	('RivenFengShuiEngine', 'Blade of the Exile', 'Riven'),
	('RivenMartyr', 'Ki Burst', 'Riven'),
	('RivenTriCleave', 'Broken Wings', 'Riven'),
	('RocketGrab', 'Rocket Grab', 'Blitzcrank'),
	('RocketJump', 'Rocket Jump', 'Tristana'),
	('RumbleCarpetBomb', 'The Equalizer', 'Rumble'),
	('RumbleFlameThrower', 'Flamespitter', 'Rumble'),
	('RumbleGrenade', 'Electro Harpoon', 'Rumble'),
	('RumbleShield', 'Scrap Shield', 'Rumble'),
	('RunePrison', 'Rune Prison', 'Ryze'),
	('Rupture', 'Rupture', 'Chogath'),
	('Sadism', 'Sadism', 'DrMundo'),
	('SeismicShard', 'Seismic Shard', 'Malphite'),
	('SejuaniArcticAssault', 'Arctic Assault', 'Sejuani'),
	('SejuaniGlacialPrisonStart', 'Glacial Prison', 'Sejuani'),
	('SejuaniNorthernWinds', 'Flail of the Northern Winds', 'Sejuani'),
	('SejuaniWintersClaw', 'Permafrost', 'Sejuani'),
	('Shatter', 'Shatter', 'Taric'),
	('ShenFeint', 'Feint', 'Shen'),
	('ShenShadowDash', 'Shadow Dash', 'Shen'),
	('ShenStandUnited', 'Stand United', 'Shen'),
	('ShenVorpalStar', 'Vorpal Blade', 'Shen'),
	('ShyvanaDoubleAttack', 'Twin Bite', 'Shyvana'),
	('ShyvanaFireball', 'Flame Breath', 'Shyvana'),
	('ShyvanaImmolationAura', 'Burnout', 'Shyvana'),
	('ShyvanaTransformCast', 'Dragon\'s Descent', 'Shyvana'),
	('SivirE', 'Spell Shield', 'Sivir'),
	('SivirQ', 'Boomerang Blade', 'Sivir'),
	('SivirR', 'On The Hunt', 'Sivir'),
	('SivirW', 'Ricochet', 'Sivir'),
	('SkarnerExoskeleton', 'Crystalline Exoskeleton', 'Skarner'),
	('SkarnerFracture', 'Fracture', 'Skarner'),
	('SkarnerImpale', 'Impale', 'Skarner'),
	('SkarnerVirulentSlash', 'Crystal Slash', 'Skarner'),
	('slashCast', 'Spinning Slash', 'Tryndamere'),
	('SonaAriaofPerseverance', 'Aria of Perseverance', 'Sona'),
	('SonaCrescendo', 'Crescendo', 'Sona'),
	('SonaHymnofValor', 'Hymn of Valor', 'Sona'),
	('SonaSongofDiscord', 'Song of Celerity', 'Sona'),
	('SoulShackles', 'Soul Shackles', 'Morgana'),
	('SowTheWind', 'Zephyr', 'Janna'),
	('SpellFlux', 'Spell Flux', 'Ryze'),
	('Starcall', 'Starcall', 'Soraka'),
	('StaticField', 'Static Field', 'Blitzcrank'),
	('SwainDecrepify', 'Decrepify', 'Swain'),
	('SwainMetamorphism', 'Ravenous Flock', 'Swain'),
	('SwainShadowGrasp', 'Nevermove', 'Swain'),
	('SwainTorment', 'Torment', 'Swain'),
	('SyndraE', 'Scatter the Weak', 'Syndra'),
	('SyndraQ', 'Dark Sphere', 'Syndra'),
	('SyndraR', 'Unleashed Power', 'Syndra'),
	('SyndraW', 'Force of Will', 'Syndra'),
	('TalonCutthroat', 'Cutthroat', 'Talon'),
	('TalonNoxianDiplomacy', 'Noxian Diplomacy', 'Talon'),
	('TalonRake', 'Rake', 'Talon'),
	('TalonShadowAssault', 'Shadow Assault', 'Talon'),
	('Tantrum', 'Tantrum', 'Amumu'),
	('TaricHammerSmash', 'Radiance', 'Taric'),
	('Terrify', 'Terrify', 'FiddleSticks'),
	('ThreshE', 'Flay', 'Thresh'),
	('ThreshQ', 'Death Sentence', 'Thresh'),
	('ThreshRPenta', 'The Box', 'Thresh'),
	('ThreshW', 'Dark Passage', 'Thresh'),
	('TimeBomb', 'Time Bomb', 'Zilean'),
	('TimeWarp', 'Time Warp', 'Zilean'),
	('TormentedSoil', 'Tormented Soil', 'Morgana'),
	('ToxicShot', 'Toxic Shot', 'Teemo'),
	('Tremors2', 'Tremors', 'Rammus'),
	('TriumphantRoar', 'Triumphant Roar', 'Alistar'),
	('TrundleCircle', 'Pillar of Ice', 'Trundle'),
	('trundledesecrate', 'Frozen Domain', 'Trundle'),
	('TrundlePain', 'Subjugate', 'Trundle'),
	('TrundleTrollSmash', 'Chomp', 'Trundle'),
	('TwitchVenomCask', 'Venom Cask', 'Twitch'),
	('TwoShivPoison', 'Two-Shiv Poison', 'Shaco'),
	('UdyrBearStance', 'Bear Stance', 'Udyr'),
	('UdyrPhoenixStance', 'Phoenix Stance', 'Udyr'),
	('UdyrTigerStance', 'Tiger Stance', 'Udyr'),
	('UdyrTurtleStance', 'Turtle Stance', 'Udyr'),
	('UFSlash', 'Unstoppable Force', 'Malphite'),
	('UndyingRage', 'Undying Rage', 'Tryndamere'),
	('UrgotHeatseekingMissile', 'Acid Hunter', 'Urgot'),
	('UrgotPlasmaGrenade', 'Noxian Corrosive Charge', 'Urgot'),
	('UrgotSwap2', 'Hyper-Kinetic Position Reverser', 'Urgot'),
	('UrgotTerrorCapacitorActive2', 'Terror Capacitor', 'Urgot'),
	('VarusE', 'Hail of Arrows', 'Varus'),
	('VarusQ', 'Piercing Arrow', 'Varus'),
	('VarusR', 'Chain of Corruption', 'Varus'),
	('VarusW', 'Blighted Quiver', 'Varus'),
	('VayneCondemn', 'Condemn', 'Vayne'),
	('VayneInquisition', 'Final Hour', 'Vayne'),
	('VayneSilveredBolts', 'Silver Bolts', 'Vayne'),
	('VayneTumble', 'Tumble', 'Vayne'),
	('VeigarBalefulStrike', 'Baleful Strike', 'Veigar'),
	('VeigarDarkMatter', 'Dark Matter', 'Veigar'),
	('VeigarEventHorizon', 'Event Horizon', 'Veigar'),
	('VeigarPrimordialBurst', 'Primordial Burst', 'Veigar'),
	('VelkozE', 'Tectonic Disruption', 'Velkoz'),
	('VelkozQ', 'Plasma Fission', 'Velkoz'),
	('VelkozR', 'Life Form Disintegration Ray', 'Velkoz'),
	('VelkozW', 'Void Rift', 'Velkoz'),
	('ViE', 'Excessive Force', 'Vi'),
	('ViktorChaosStorm', 'Chaos Storm', 'Viktor'),
	('ViktorDeathRay', 'Death Ray', 'Viktor'),
	('ViktorGravitonField', 'Gravity Field', 'Viktor'),
	('ViktorPowerTransfer', 'Power Transfer', 'Viktor'),
	('ViQ', 'Vault Breaker', 'Vi'),
	('ViR', 'Assault and Battery', 'Vi'),
	('ViW', 'Denting Blows', 'Vi'),
	('VladimirHemoplague', 'Hemoplague', 'Vladimir'),
	('VladimirSanguinePool', 'Sanguine Pool', 'Vladimir'),
	('VladimirTidesofBlood', 'Tides of Blood', 'Vladimir'),
	('VladimirTransfusion', 'Transfusion', 'Vladimir'),
	('VolibearE', 'Majestic Roar', 'Volibear'),
	('VolibearQ', 'Rolling Thunder', 'Volibear'),
	('VolibearR', 'Thunder Claws', 'Volibear'),
	('VolibearW', 'Frenzy', 'Volibear'),
	('Volley', 'Volley', 'Ashe'),
	('VorpalSpikes', 'Vorpal Spikes', 'Chogath'),
	('WallOfPain', 'Wall of Pain', 'Karthus'),
	('WildCards', 'Wild Cards', 'TwistedFate'),
	('Wish', 'Wish', 'Soraka'),
	('WujuStyle', 'Wuju Style', 'MasterYi'),
	('XenZhaoBattleCry', 'Battle Cry', 'XinZhao'),
	('XenZhaoComboTarget', 'Three Talon Strike', 'XinZhao'),
	('XenZhaoParry', 'Crescent Sweep', 'XinZhao'),
	('XenZhaoSweep', 'Audacious Charge', 'XinZhao'),
	('XerathArcaneBarrage2', 'Eye of Destruction', 'Xerath'),
	('XerathArcanopulseChargeUp', 'Arcanopulse', 'Xerath'),
	('XerathLocusOfPower2', 'Rite of the Arcane', 'Xerath'),
	('XerathMageSpear', 'Shocking Orb', 'Xerath'),
	('YasuoDashWrapper', 'Sweeping Blade', 'Yasuo'),
	('YasuoQW', 'Steel Tempest', 'Yasuo'),
	('YasuoRKnockUpComboW', 'Last Breath', 'Yasuo'),
	('YasuoWMovingWall', 'Wind Wall', 'Yasuo'),
	('YorickDecayed', 'Omen of Pestilence', 'Yorick'),
	('YorickRavenous', 'Omen of Famine', 'Yorick'),
	('YorickReviveAlly', 'Omen of Death', 'Yorick'),
	('YorickSpectral', 'Omen of War', 'Yorick'),
	('ZacE', 'Elastic Slingshot', 'Zac'),
	('ZacQ', 'Stretching Strike', 'Zac'),
	('ZacR', 'Let\'s Bounce!', 'Zac'),
	('ZacW', 'Unstable Matter', 'Zac'),
	('ZedPBAOEDummy', 'Shadow Slash', 'Zed'),
	('ZedShadowDash', 'Living Shadow', 'Zed'),
	('ZedShuriken', 'Razor Shuriken', 'Zed'),
	('ZedUlt', 'Death Mark', 'Zed'),
	('ZiggsE', 'Hexplosive Minefield', 'Ziggs'),
	('ZiggsQ', 'Bouncing Bomb', 'Ziggs'),
	('ZiggsR', 'Mega Inferno Bomb', 'Ziggs'),
	('ZiggsW', 'Satchel Charge', 'Ziggs'),
	('ZyraBrambleZone', 'Stranglethorns', 'Zyra'),
	('ZyraGraspingRoots', 'Grasping Roots', 'Zyra'),
	('ZyraQFissure', 'Deadly Bloom', 'Zyra'),
	('ZyraSeed', 'Rampant Growth', 'Zyra');
/*!40000 ALTER TABLE `spell` ENABLE KEYS */;

-- Dumping structure for table los.user
CREATE TABLE IF NOT EXISTS `user` (
  `uuid` varchar(255) NOT NULL,
  `email` varchar(255) NOT NULL,
  `email_confirmed` bit(1) NOT NULL,
  `email_token` varchar(255) DEFAULT NULL,
  `name_colour_unlocked` bit(1) NOT NULL,
  `password` varchar(255) NOT NULL,
  `s4coins` int(11) NOT NULL,
  `summoner_experience_needed` int(11) NOT NULL,
  `summoner_icon_id` int(11) NOT NULL,
  `summoner_level` int(11) NOT NULL,
  `summoner_motto` varchar(255) DEFAULT NULL,
  `summoner_name` varchar(255) NOT NULL,
  `summoner_status` varchar(255) DEFAULT NULL,
  `user_name` varchar(255) NOT NULL,
  `xp_boost_until` datetime(6) DEFAULT NULL,
  PRIMARY KEY (`uuid`),
  UNIQUE KEY `UK_ob8kqyqqgmefl0aco34akdtpe` (`email`),
  UNIQUE KEY `UK_kpn3jsryd1x9riogde7yhaccv` (`summoner_name`),
  UNIQUE KEY `UK_lqjrcobrh9jc8wpcar64q1bfh` (`user_name`)
) ENGINE=InnoDB DEFAULT CHARSET=utf8mb3;

-- Dumping data for table los.user: ~0 rows (approximately)
/*!40000 ALTER TABLE `user` DISABLE KEYS */;
/*!40000 ALTER TABLE `user` ENABLE KEYS */;

-- Dumping structure for table los.user_owned_icons
CREATE TABLE IF NOT EXISTS `user_owned_icons` (
  `user_uuid` varchar(255) NOT NULL,
  `owned_icons_id` int(11) NOT NULL,
  KEY `FK5lg77svjp72evf3ptjfu1lmut` (`user_uuid`),
  CONSTRAINT `FK5lg77svjp72evf3ptjfu1lmut` FOREIGN KEY (`user_uuid`) REFERENCES `user` (`uuid`)
) ENGINE=InnoDB DEFAULT CHARSET=utf8mb3;

-- Dumping data for table los.user_owned_icons: ~0 rows (approximately)
/*!40000 ALTER TABLE `user_owned_icons` DISABLE KEYS */;
/*!40000 ALTER TABLE `user_owned_icons` ENABLE KEYS */;

-- Dumping structure for table los.user_owned_skins
CREATE TABLE IF NOT EXISTS `user_owned_skins` (
  `user_uuid` varchar(255) NOT NULL,
  `owned_skins_id` bigint(20) NOT NULL,
  KEY `FKidfo74a0lh2csfo1bjmlkj1p1` (`user_uuid`),
  CONSTRAINT `FKidfo74a0lh2csfo1bjmlkj1p1` FOREIGN KEY (`user_uuid`) REFERENCES `user` (`uuid`)
) ENGINE=InnoDB DEFAULT CHARSET=utf8mb3;

-- Dumping data for table los.user_owned_skins: ~0 rows (approximately)
/*!40000 ALTER TABLE `user_owned_skins` DISABLE KEYS */;
/*!40000 ALTER TABLE `user_owned_skins` ENABLE KEYS */;

-- Dumping structure for table los.user_roles
CREATE TABLE IF NOT EXISTS `user_roles` (
  `user_uuid` varchar(255) NOT NULL,
  `roles` int(11) DEFAULT NULL,
  KEY `FK8cpfuf5b4ocog82vysa80htsl` (`user_uuid`),
  CONSTRAINT `FK8cpfuf5b4ocog82vysa80htsl` FOREIGN KEY (`user_uuid`) REFERENCES `user` (`uuid`)
) ENGINE=InnoDB DEFAULT CHARSET=utf8mb3;

-- Dumping data for table los.user_roles: ~0 rows (approximately)
/*!40000 ALTER TABLE `user_roles` DISABLE KEYS */;
/*!40000 ALTER TABLE `user_roles` ENABLE KEYS */;

/*!40101 SET SQL_MODE=IFNULL(@OLD_SQL_MODE, '') */;
/*!40014 SET FOREIGN_KEY_CHECKS=IFNULL(@OLD_FOREIGN_KEY_CHECKS, 1) */;
/*!40101 SET CHARACTER_SET_CLIENT=@OLD_CHARACTER_SET_CLIENT */;
/*!40111 SET SQL_NOTES=IFNULL(@OLD_SQL_NOTES, 1) */;
